date,y_true,y_pred,sigma,sigma2
2023-01-02,0.0040572203406637,0.003445894214180555,0.29098994835967334,0.08467515004636536
2023-01-03,-0.0011445401892029,-0.025188858927295256,0.30486760649742256,0.09294425749146729
2023-01-04,0.0004255749273719,-0.0014114610913780017,0.29325808749303484,0.08600030588007247
2023-01-05,-0.0012467390716698,-0.008624332464583556,0.28202417254178536,0.07953763389787871
2023-01-06,-0.0011264580748104,-0.0009851962756423568,0.27396002517401463,0.07505409539334673
2023-01-09,0.0027985306844653,-0.0016556342303286932,0.2666710958207262,0.07111347334622692
2023-01-10,0.0008400543956391,-0.019624562690029216,0.27170477530623544,0.07382348492421188
2023-01-11,0.002041540409523,-0.010421478427744775,0.2643915354775287,0.06990288403216531
2023-01-12,0.0115837958942945,-0.015730538551779166,0.2641006121160135,0.06974913332005302
2023-01-13,0.0049478924868474,-0.05909881848921134,0.43727970558182383,0.19121354091372653
2023-01-16,-0.0039205079638503,-0.027695229489383407,0.44486241187420933,0.19790256549853866
2023-01-17,-0.000698126037959,0.011012366038285488,0.43262290574172657,0.18716257857241483
2023-01-18,-0.0077016591126906,-0.0032527940934085633,0.40714133032713035,0.16576406286054546
2023-01-19,-0.0057674436809691,0.027453863521509924,0.4501383207405162,0.2026245077990918
2023-01-20,0.0031600896231728,0.018063793737538525,0.46171440811210307,0.21318019465830967
2023-01-23,0.0073615779214915,-0.020273259119548283,0.44246213888763514,0.19577274434902095
2023-01-24,0.0026181767639575,-0.03810646857459072,0.4768042102620543,0.22734225492362128
2023-01-25,0.0022131526195097,-0.017354638753837602,0.4556328287794779,0.20760127466158906
2023-01-26,-0.0025125293446346,-0.015481409565391818,0.43339031413717083,0.18782716438791563
2023-01-27,0.0006386254637195,0.004226585696238619,0.4136016236893006,0.17106630311842583
2023-01-30,-0.0013177908224177,-0.008945163290018428,0.3896991641953717,0.15186543857457127
2023-01-31,0.0029427323272425,-0.0008037488870611207,0.36965349388727886,0.1366437055430725
2023-02-01,-0.008673252016743,-0.018556316299833904,0.3612379787646746,0.13049287730198753
2023-02-02,0.0037606544641677,0.030907236546173184,0.4299838627088619,0.18488612219003342
2023-02-03,-0.0031078095864618,-0.02298099074744484,0.417877958715571,0.17462198838029247
2023-02-06,0.0035781284913249,0.007525181229040573,0.4030810502833005,0.16247433309748863
2023-02-07,-0.0041003702925226,-0.022521285446284022,0.39481165998536105,0.15587624686039636
2023-02-08,-0.0065917031214211,0.0124037479285171,0.390939177496838,0.1528334405019042
2023-02-09,-0.0021663728204447,0.022913533878895942,0.42275448809521793,0.17872135720464974
2023-02-10,0.0037931178712963,0.0028818436083465513,0.4044560738177506,0.16358471564806973
2023-02-13,-0.0046549249789021,-0.023328755462004268,0.39837254148091467,0.15870068180596306
2023-02-14,-9.12943741170109e-05,0.014311882494240048,0.3994792351331361,0.15958365930255544
2023-02-15,0.0035441370603683,-0.006264564682204266,0.3767878401243271,0.14196907646555548
2023-02-16,-0.0022465447410259,-0.022488239278101705,0.37305357618884327,0.1391689707072851
2023-02-17,0.0011340363408687,0.00359049740610786,0.35828214412073944,0.1283660947957543
2023-02-20,0.0002630627685825,-0.011776011140865097,0.3412398278767247,0.11644462012933668
2023-02-21,-0.0023194099708554,-0.007779753498276462,0.3244249368120484,0.10525153962550163
2023-02-22,0.0018032905464839,0.003948576342666749,0.3167320098064151,0.10031916603601101
2023-02-23,-0.0003543265834744,-0.01494526239729482,0.30706921715487573,0.09429150412410824
2023-02-24,0.0018714658852463,-0.0049776569623104176,0.2936154897395153,0.08621005581497541
2023-02-27,0.0026645779075751,-0.015199755180204656,0.28778816980586547,0.08282203068020964
2023-02-28,0.0005441701077861,-0.018562582173936245,0.2898362366784688,0.08400504409193739
2023-03-01,0.0037004212416566,-0.008743798546558941,0.2791991833673036,0.07795218399296923
2023-03-02,0.0059441984131468,-0.022906176265238304,0.2930727151017066,0.08589161633708609
2023-03-03,-0.0040089452168536,-0.032296200474903926,0.3385820140213058,0.1146377802187237
2023-03-06,-0.002839015939065,0.012253148079008317,0.34114410641406945,0.11637930134105395
2023-03-07,-0.0010352429216042,0.006543940860530682,0.336620764513375,0.11331353910156908
2023-03-08,-0.0004928956959905,-0.0016507997119344685,0.32197833764989353,0.10367004991578885
2023-03-09,-0.0014297579643207,-0.004108502941228699,0.3075262557354505,0.09457239796666571
2023-03-10,-0.0051316199729919,-2.479614802074811e-05,0.29729619162616283,0.08838502555542015
2023-03-13,-0.0063600423441893,0.01612137476859892,0.3251719156023019,0.10573677469647054
2023-03-14,-0.002592174165343,0.020672279232996138,0.36831354332978206,0.13565486620013925
2023-03-15,0.0024698153818984,0.004071728842822106,0.35879356185711553,0.12873282003011577
2023-03-16,0.0045664452332156,-0.017162192472097045,0.34816813732237584,0.12122105184653277
2023-03-17,0.0007100369065244,-0.02563934359455033,0.3608847064679723,0.13023777136247455
2023-03-20,0.0034012250929319,-0.00941085045078568,0.34317602551071746,0.11776978448533261
2023-03-21,0.0064365661040758,-0.020369031321792783,0.34308944867622393,0.11771036979295531
2023-03-22,-0.0031879483523596,-0.03242325297823284,0.3840762519885208,0.14751456734154975
2023-03-23,0.0035092121947417,0.007051901722939191,0.3733729272599427,0.13940734281065847
2023-03-24,-0.0032171123060289,-0.0210275059195947,0.36857255841576225,0.13584573081714046
2023-03-27,-0.0034093583738812,0.007556207920855901,0.3608317942328448,0.13019958372929402
2023-03-28,-0.000879490389723,0.00803679635722196,0.35813650536503056,0.12826175647507657
2023-03-29,0.0087397937067933,-0.002749511804887237,0.3407472160949465,0.11610866527645619
2023-03-30,-0.0018462917279527,-0.04342767385685647,0.4209463121453011,0.17719579770872929
2023-03-31,0.0003313513929809,0.0016288847012839915,0.39833006497140144,0.1586668406601209
2023-04-03,-0.0049116519981708,-0.007742801656042048,0.3758238800286892,0.1412435887998186
2023-04-04,0.0045702434271397,0.01476299162220988,0.3850794009041645,0.14828614500071022
2023-04-05,-0.0033501127997617,-0.026511165682977317,0.38819308266000135,0.15069386942507462
2023-04-06,-0.0041402740106341,0.008586166631904837,0.37854925830157665,0.1432995409606738
2023-04-07,-0.0006275888168417,0.011682944041523827,0.3806576613340419,0.14490025513230212
2023-04-10,-0.0004151900707159,-0.0038586846794019,0.36052646189538323,0.12997932972680323
2023-04-11,0.0006278493577884,-0.004820531248950512,0.34190236956009257,0.1168972303108061
2023-04-12,-0.0020267470410765,-0.009395031376199469,0.32561622414845487,0.10602592542869681
2023-04-13,-0.0007306477716848,0.0022361588316875828,0.3159199393397246,0.09980540807241528
2023-04-14,-0.0026122543064952,-0.003565775048199848,0.3025032390044693,0.09150820960819508
2023-04-17,0.0003765340257653,0.004565123277820265,0.3002618878277773,0.09015720128190072
2023-04-18,-0.0012623846300988,-0.008603037114838926,0.2878182555609972,0.08283934823417549
2023-04-19,0.0016997575789888,-0.001454330169162455,0.2788761670336752,0.0777719165393943
2023-04-20,-0.0003153088280858,-0.014489808918658639,0.27377056511446524,0.07495032232309366
2023-04-21,-0.0044451973319522,-0.0055521368980953716,0.2640659107897303,0.06973080524120981
2023-04-24,0.0017355458708474,0.012596350413188608,0.28917911380555333,0.08362455986136517
2023-04-25,0.0004079370837793,-0.014883686563287469,0.2822199974027965,0.07964812693403447
2023-04-26,-0.0017042155073096,-0.008864999208951787,0.27224632933105564,0.07411806383423361
2023-04-27,0.0049413812950929,0.0005480140338683121,0.26746768102877655,0.07153896039491135
2023-04-28,0.0022131114563759,-0.029410632271610896,0.29959489874730416,0.08975710335540743
2023-05-01,-0.000831868551191,-0.016575359091907424,0.2971729405647606,0.08831175660390675
2023-05-02,-0.0026728018146257,-0.003062206367258952,0.28578447129600326,0.08167276403393613
2023-05-03,-0.000173005332963,0.004940178184775236,0.28649787428135787,0.08208103196773675
2023-05-04,-0.0048463436805405,-0.006191946228952631,0.27566710269421757,0.07599235150782431
2023-05-05,-0.0019348838999918,0.014333687089554091,0.3033729089811172,0.0920351219036652
2023-05-08,0.0060685085815086,0.0011338767341167585,0.2973321094754764,0.08840638332513667
2023-05-09,-0.0033259734619983,-0.033790032620100184,0.3399388818412844,0.11555844338750272
2023-05-10,-0.002578612266954,0.007896526304526454,0.3357977701956636,0.1127601424683797
2023-05-11,0.0006862420405765,0.004240145126445856,0.3296118918859787,0.10864399927265411
2023-05-12,-0.0010653696966406,-0.010342796416082947,0.3145688028312231,0.09895353171466893
2023-05-15,-0.0007895622715733,-0.002543297625667247,0.3020061594389524,0.09120772033906596
2023-05-16,-0.0012932848611941,-0.0038527866001882953,0.29034118389393354,0.08429800306493095
2023-05-17,0.0004928801021302,-0.001697328466006124,0.2816178312272703,0.07930860286515129
2023-05-18,-0.0004107267488312,-0.009706531696135192,0.2717171250684424,0.07383019605545958
2023-05-19,0.0012624270677558,-0.005682771967368968,0.262624546521974,0.06897165243587249
2023-05-22,-0.0029790099156771,-0.013137091127804822,0.2575944164375385,0.066354883379796
2023-05-23,-0.0010601672216384,0.005935893488828066,0.2647753321311211,0.0701059765051455
2023-05-24,-0.0002677963653653,-0.0029431428331932966,0.25858293162587653,0.06686513252823274
2023-05-25,0.0019347837329882,-0.006572037610135528,0.2509113075774219,0.06295648427021162
2023-05-26,-0.0020893426075618,-0.01635843168469008,0.2517094080782002,0.06335762611507792
2023-05-29,0.0005252922565401,0.0017664023322725925,0.25178610558360787,0.06339624296495973
2023-05-30,-0.0028151548082491,-0.010160764863227902,0.2452798906785054,0.06016222477125955
2023-05-31,0.0039472536767587,0.005012345430799382,0.25324194504415803,0.06413148272974836
2023-06-01,0.0008328429091388,-0.02614366754870243,0.2735629115988327,0.07483666660243078
2023-06-02,0.0014070247584581,-0.01145086267763558,0.26616951100480984,0.0708462085885396
2023-06-05,-0.0013145294594199,-0.01396820864188849,0.2616884821200571,0.06848086167429943
2023-06-06,-0.0028094220481089,-0.0014609057086506687,0.2560933624282132,0.06558381027978814
2023-06-07,-4.12167947256597e-05,0.005179750680457533,0.2629328630002093,0.06913369044548684
2023-06-08,0.0035902321957403,-0.007590385098977562,0.2546662633762318,0.06485490570201227
2023-06-09,-0.0048277111631477,-0.024041926091794206,0.2716031194324018,0.07376825448541151
2023-06-12,0.0022366457158176,0.01495346922555174,0.2973685050256168,0.08842802778117027
2023-06-13,0.0065572409147347,-0.018371017547741217,0.29210328586707596,0.08532432961434269
2023-06-14,-0.0010949778543825,-0.03820764479385874,0.3483876791821342,0.12137397500591365
2023-06-15,-0.000665831827158,-0.002283221531997311,0.331095439831831,0.10962419027743361
2023-06-16,3.077992106281686e-05,-0.004341238461411065,0.31575461918193615,0.09970097953472953
2023-06-19,0.0025581979577568,-0.007624668214910468,0.30159686135838204,0.09096066678122712
2023-06-20,8.174365183171639e-05,-0.019428601067327574,0.2998740068522965,0.08992441998565116
2023-06-21,0.0016846720107147,-0.007684720510568482,0.28763805128145753,0.0827356485449944
2023-06-22,0.0006629391325381,-0.015132519676007856,0.28174670400498686,0.07938120521767367
2023-06-23,-0.0003875222740088,-0.010218618972547304,0.27253766431625326,0.07427677847095875
2023-06-26,-0.0036783544087367,-0.005272390147823186,0.2633920936127231,0.06937539497769347
2023-06-27,0.0003070366784705,0.009974793303322554,0.2780355917452449,0.0773037902771285
2023-06-28,0.0020446070082676,-0.008759955338751658,0.2682244365482754,0.07194434836163979
2023-06-29,-0.0004494489090553,-0.016772591627694365,0.26741456978991623,0.07151055213592598
2023-06-30,-0.0016360868100958,-0.005057367169598553,0.2588718167644279,0.06701461751491553
2023-07-03,-0.0007780250018261,0.0003966933528598473,0.25577276372664265,0.06541970666436496
2023-07-04,0.0014328053576387,-0.0037282321203752286,0.24954166352870924,0.06227104183667554
2023-07-05,-0.0020270138061105,-0.01399749504535188,0.24702924058284803,0.061023445702938606
2023-07-06,-0.0005330178853979,0.002193705814609706,0.24751671348654833,0.06126452345518205
2023-07-07,-0.0003999499428218,-0.004962419394759401,0.24165845824680257,0.058398810442221616
2023-07-10,-2.0542784384570297e-05,-0.005644382991327029,0.23609522215322393,0.05574095392358015
2023-07-11,-0.0008414550775108,-0.007454500766446408,0.2309066291295342,0.05331787137596425
2023-07-12,-0.0064887470297731,-0.0036634382798934424,0.2275437091426738,0.05177613957040573
2023-07-13,-0.0024415600292407,0.022767548940799444,0.29865010731008684,0.08919188659632638
2023-07-14,-0.001274883912743,0.0032246956570015813,0.29753476970772763,0.0885269391850305
2023-07-17,0.0037267909549303,-0.0022631131289162776,0.2879564845667219,0.08291893700402476
2023-07-18,-0.0010131601373011,-0.024878164795320075,0.29960754376839743,0.08976468028293218
2023-07-19,-0.0039070785152921,-0.003227595299319686,0.2880593413380595,0.08297818413211668
2023-07-20,-0.0017668051050352,0.00984461455162993,0.30101930516637687,0.09061262208284833
2023-07-21,0.0033128062351296,-0.00018789679965009257,0.29387751460626305,0.08636399359115436
2023-07-24,-0.0008816167417913,-0.023070538729458242,0.299641796198142,0.08978520602884887
2023-07-25,-0.0014018616804977,-0.003993991558987788,0.28788806434908637,0.08287953759466368
2023-07-26,-0.0073007030183734,-0.0017322139202024765,0.27986241781875826,0.07832297290736122
2023-07-27,-0.0009110934299948,0.02489392764986984,0.3492055728553149,0.12194453211320863
2023-07-28,-0.0006393094825987,-0.004251101267296504,0.333148873970877,0.11098817222806329
2023-07-31,0.0052595405830041,-0.005538234123373027,0.3176254264381517,0.10088591152001775
2023-08-01,-0.0003129069801826,-0.03179225034756403,0.3437278321574305,0.11814882259964672
2023-08-02,0.0019905389536189,-0.00676636251788199,0.32658459704795456,0.10665749902897484
2023-08-03,-0.0003956925734511,-0.017006094958582643,0.3175447735612226,0.10083468321604816
2023-08-04,-0.0027848240058374,-0.0063075687810226705,0.30341882552390437,0.09206298368230552
2023-08-07,0.0045227182063191,0.004265263886619049,0.30214900490032265,0.0912940211622552
2023-08-08,-0.0013838428381079,-0.028645094332252423,0.31973164356668327,0.10222832389785258
2023-08-09,-0.0009374791427877,-0.0017265635971548815,0.3070859593715265,0.09430178644313082
2023-08-10,0.0031943390671759,-0.0038461668761213073,0.29535914369652577,0.08723702376514497
2023-08-11,0.0003219931733199,-0.02272129756589804,0.29990729499738,0.0899443855926455
2023-08-14,-0.0036831328087498,-0.009424125286382095,0.2881417616485778,0.0830256748059458
2023-08-15,-0.0017526210236808,0.008836129159109805,0.2976079321306786,0.08857048126709859
2023-08-16,0.0002087842803909,-0.00026610265834765313,0.2909510697650895,0.08465252499744998
2023-08-17,-0.0008668488162513,-0.009186191170761063,0.2797875325017413,0.07828106334341296
2023-08-18,-0.0021233253162155,-0.0043554018640805615,0.2707856998216713,0.07332489522791226
2023-08-21,0.0046382567260833,0.001190751892287699,0.26921921814378424,0.07247898741795047
2023-08-22,-0.0022328507235814,-0.02952951952292265,0.29552253762622976,0.08733357024504637
2023-08-23,-0.0028452480035666,0.002121868935263699,0.2896822724916161,0.08391581899590692
2023-08-24,-0.0013837107130031,0.004680787979633219,0.29165085891301545,0.08506022350469966
2023-08-25,0.002734145934826,-0.0022295387153440874,0.2836252658179783,0.08044329141031885
2023-08-28,-0.0006383951107732,-0.021034403351780067,0.28554230178360807,0.0815344061078811
2023-08-29,0.0011612822500698,-0.005492917965754287,0.27523632182425034,0.07575503285134232
2023-08-30,-0.0011612822500697,-0.013763102598635203,0.2682937069048426,0.07198151316474159
2023-08-31,0.0045745177208233,-0.0030390471180216545,0.2614397044543843,0.06835071906519581
2023-09-01,-0.0020444767069859,-0.02965940814293713,0.289065017494798,0.0835585843392679
2023-09-04,-0.0038917730874561,0.0013986160253494449,0.28295950866863384,0.08006608354599468
2023-09-05,0.0008172617416645,0.009755453503020458,0.29686505962050425,0.08812886362348553
2023-09-06,-0.0009849685365947,-0.01235325126617863,0.28582811825307414,0.08169771318409333
2023-09-07,0.0021259313322602,-0.00389175241168697,0.27643471527461155,0.07641615180895557
2023-09-08,-0.0009733586743341,-0.01853362172976635,0.2746818060951495,0.07545009459969332
2023-09-11,0.0010361496339905,-0.003826946020166518,0.2663804422646379,0.07095854002110409
2023-09-12,0.0020064850586352,-0.013379596589897038,0.2599749407994025,0.06758696984365281
2023-09-13,0.0006992552044717,-0.017817150887534747,0.26038930836360463,0.06780259191007637
2023-09-14,0.0003963446937609,-0.011483598059441553,0.254015068835616,0.06452365519556273
2023-09-15,-0.0060669110437171,-0.009989999327985525,0.24745248213513668,0.06123273091484014
2023-09-18,0.0038536402721777,0.020534196762307833,0.30077874511812375,0.09046785351483326
2023-09-19,0.0027033396774777,-0.027084101111713707,0.3085834686603287,0.09522375713044007
2023-09-20,-0.0009594203264245,-0.021038076023873552,0.3086807325217392,0.09528379463015753
2023-09-21,-0.0005322893115841,-0.0034253683245071076,0.29637010316853507,0.08783523805212813
2023-09-22,0.006627682558825,-0.005521348216586753,0.2850151069722165,0.08123361120238402
2023-09-25,0.0016267690914681,-0.0399889984840025,0.34002653874015915,0.11561804704761296
2023-09-26,0.0001656781567073,-0.015529702436680838,0.32915343191763263,0.10834198174315562
2023-09-27,0.0019234966131783,-0.00855720519818422,0.31400871637918126,0.0986014739621011
2023-09-28,-0.0006097186304849,-0.01676291495039019,0.306322963805219,0.09383375815441351
2023-09-29,-0.0011274614162425,-0.004769978833760765,0.293895608878649,0.08637462891815184
2023-10-02,0.0008792910398129,-0.0023770373829059286,0.284371536808127,0.08086717094661593
2023-10-03,-0.0052876289001479,-0.011818984186559755,0.2753647412633808,0.07582574073104864
2023-10-04,0.0023155268599064,0.01736480458256276,0.30761848972158484,0.09462913521858879
2023-10-05,-0.0010688429913453,-0.019030303118405256,0.3015672541205796,0.09094280875782625
2023-10-06,-0.0006335197127313,-0.0025990888636297496,0.29057879041427653,0.08443603343862406
2023-10-09,-0.0022361243711597,-0.0047719008517064215,0.2802129928664561,0.07851932137117659
2023-10-10,-0.0032434458460777,0.002903046611600492,0.2781431372565963,0.07736360480294177
2023-10-11,0.0020348716666683,0.00745362258953371,0.285678500278297,0.08161220552125695
2023-10-12,-0.0021288936494507,-0.0179703005680978,0.2813780712763364,0.07917361899519104
2023-10-13,-0.000762901105515,0.0022765100746834615,0.2775442999738307,0.07703083844796371
2023-10-16,-0.0072190829234839,-0.0045204118142824785,0.26904896331978734,0.07238734466345227
2023-10-17,0.0007368777249481,0.026782200982355828,0.33690855210946574,0.11350737248449659
2023-10-18,0.0013776158597241,-0.012002932459648424,0.32126661269029533,0.10321223642949622
2023-10-19,-0.0047295046339023,-0.015062682446130536,0.3102950174960293,0.09628299788286111
2023-10-20,-0.0033949870753544,0.014809029253086704,0.32687842285443525,0.10684950332780299
2023-10-23,0.0020848812085869,0.007771910654353125,0.3293219592425498,0.10845295283935162
2023-10-24,0.0047883086216689,-0.018646073124648596,0.3199045171096706,0.10233890006717154
2023-10-25,-0.0044817875424481,-0.03131605757320321,0.3397494096003552,0.11542966132378994
2023-10-26,0.0013519185181863,0.013599839283175999,0.34663162828837635,0.12015348572985113
2023-10-27,0.0021824388982003,-0.01509711134548223,0.33169724822913454,0.11002306448278008
2023-10-30,0.0037737154033991,-0.019051240655465294,0.323906096893527,0.10491515960479891
2023-10-31,0.0046058585331957,-0.026517260905833465,0.3310701159412017,0.10960742166932075
2023-11-01,0.0051355818563513,-0.029986327365057533,0.3474539056857646,0.12072421657629222
2023-11-02,-0.003935258133765,-0.0318847490982445,0.36812264406412454,0.13551428107276214
2023-11-03,0.0033532492774302,0.010872644971749341,0.3655033882951592,0.13359272685524193
2023-11-06,0.0031347542939941,-0.02410394676718488,0.3599484435366777,0.12956288200447685
2023-11-07,-0.0011199513435568,-0.02272188370229425,0.356173026002689,0.1268592244519122
2023-11-08,-0.0012665857385422,-0.00236302906410143,0.3392753979879994,0.11510779567991539
2023-11-09,0.0003323957583128,-0.001716706813268025,0.32521529773266417,0.1057649898793454
2023-11-10,0.0005398689036873,-0.009347402071663635,0.31067019968016446,0.09651597296931327
2023-11-13,0.0007573919278207,-0.0102908162094447,0.29805597549402824,0.08883736452769676
2023-11-14,0.0003007691516845,-0.011261725048133588,0.2873178248463617,0.08255153247444458
2023-11-15,0.0027955529088656,-0.00903171897437986,0.2768455285711557,0.07664344668984259
2023-11-16,-0.0044455182501915,-0.020769439731526562,0.280963798791749,0.0789406562314904
2023-11-17,0.0014218316332164,0.01390649089542951,0.2991456204988043,0.08948810226361462
2023-11-20,0.0020823609962183,-0.014554331964301791,0.2897413534928434,0.08395005192386483
2023-11-21,0.001757816690291,-0.01759334046765132,0.28663098607266885,0.08215732217699048
2023-11-22,-0.0036742795756302,-0.015813895793167228,0.28201854278611876,0.07953445847520589
2023-11-23,-0.0019305460024906,0.010421226182508321,0.29146885840182096,0.08495409541806075
2023-11-24,0.001992781599721,0.0016731473348732002,0.2868591243744075,0.08228815723685182
2023-11-27,0.0007359033031987,-0.017165652897871995,0.2824908909032611,0.07980110344331819
2023-11-28,-0.0008188437561417,-0.01099319497104782,0.2737630144599238,0.07494618808618445
2023-11-29,0.0007462783046202,-0.003525741493501825,0.2655116962732518,0.07049646085789951
2023-11-30,-0.0070186543303494,-0.01104882666971552,0.25838061470116025,0.06676054205334944
2023-12-01,-0.0059025319497964,0.026536185301713686,0.3246527675430945,0.10539941947339057
2023-12-04,-0.0082419844732587,0.019957284520581924,0.360635642025519,0.13005806629915828
2023-12-05,0.000539575776377,0.03017363403219759,0.42708404989780024,0.18240078567710674
2023-12-06,-0.001037156626336,-0.010333809451907231,0.4013258561277998,0.16106244279671147
2023-12-07,-0.0029691733909556,-0.0031463818042357762,0.3794956323284369,0.14401693495636017
2023-12-08,0.0032232948758337,0.0055736349250209635,0.3697158847890177,0.13668983546532618
2023-12-11,0.0023895059197132,-0.022788391905965086,0.36303589419307275,0.13179506047256392
2023-12-12,-0.0016064707782552,-0.018708388160349292,0.3530852436446373,0.12466918927959286
2023-12-13,-0.0004549246044409,-0.0004970966675075491,0.3380862208493402,0.11430229272818884
2023-12-14,0.0030430568651004,-0.005819267858605303,0.32224902874272315,0.1038444365256284
2023-12-15,0.0056914436358994,-0.021693971454609877,0.32145247982836167,0.10333169678780325
2023-12-18,-0.0049320927086454,-0.03327691997392367,0.3541484802126625,0.1254211460369386
2023-12-19,-0.0014664804748101,0.015188674501364907,0.3635230417076384,0.13214900185237338
2023-12-20,-0.0021983686779117,-0.0010517654416501996,0.3481486811818163,0.12120750420863796
2023-12-21,-0.0011434279356334,0.002176478379445665,0.33739775783206044,0.11383724699010168
2023-12-22,-0.0017280962499522,-0.0027419323929670676,0.3232620598272913,0.10449835932378324
2023-12-25,-0.0001804639180008,-0.000195673722271264,0.31287007060803196,0.09788768108227491
2023-12-26,0.0010077899232727,-0.007257911499701605,0.2994929579608702,0.08969603186815159
2023-12-27,-0.0005090475519429,-0.01259677903453902,0.28930068257177866,0.08369488493649703
2023-12-28,-0.0073357108074748,-0.005751107316551551,0.2786074642354284,0.07762211912769552
2023-12-29,-0.0025036859026456,0.02509830764756125,0.3458205464818776,0.11959185036902445
2024-01-01,-0.0054677504786988,0.002758520406347458,0.3389754337577527,0.11490434469125659
2024-01-02,0.000861368892974,0.015538304217642483,0.36211218639941933,0.1311252355389678
2024-01-03,0.0011616274744292,-0.012196811254286134,0.34423599737465393,0.11849842188852276
2024-01-04,-0.0027449689735039,-0.01345856810332014,0.32984488925844035,0.10879765096991278
2024-01-05,0.003121139522082,0.003585454242246296,0.32415411711640624,0.10507589164351681
2024-01-08,0.0002471372296316,-0.02224417886832769,0.3229843179563524,0.10431886964573014
2024-01-09,-0.0022909364724226,-0.00943442574195865,0.30895235039826163,0.09545155481661022
2024-01-10,0.0033861480795378,0.0017249867149068347,0.30317132699270427,0.09191285351051721
2024-01-11,0.0016405397192999,-0.023498931598511116,0.3076654887732021,0.09465805298205335
2024-01-12,0.0011991899024365,-0.015465256670128949,0.3001496764635866,0.09008982828119572
2024-01-15,-0.0005779716902456,-0.013396640682158038,0.2910341385609317,0.08470086980790359
2024-01-16,0.0031535654889902,-0.005567604122504564,0.28043592069327744,0.0786443056150862
2024-01-17,0.0002881495008234,-0.021939510953457537,0.2870254979242454,0.08238363645866101
2024-01-18,0.0038552412606868,-0.009180981903086362,0.2769831107931767,0.07671964366466522
2024-01-19,0.0037662755808294,-0.02472223974312246,0.29217377177663334,0.08536551291418422
2024-01-22,0.001661124293107,-0.02378590699213791,0.30518157157659725,0.09313579162996174
2024-01-23,-0.0005604628768209,-0.01449654359310218,0.29803464645794714,0.08882465048931354
2024-01-24,-0.0012595398071426,-0.005069703435971903,0.2866988331752673,0.08219622094405975
2024-01-25,-0.0054479769165609,-0.002180224564002585,0.27865379860178674,0.07764793947520512
2024-01-26,0.0013727816755085,0.015219610224161417,0.31347128931533175,0.09826424922501642
2024-01-29,-0.0036008439703336,-0.013533708621518366,0.3023900110834145,0.09143971880302754
2024-01-30,-0.0041067254072582,0.007632339984238444,0.30785308301805697,0.09477352072372269
2024-01-31,0.0014563828684164,0.009313895554301907,0.3199919979477004,0.10239487875056111
2024-02-01,-0.0030865962985768,-0.014121060850406621,0.3086913183658792,0.0952903300344646
2024-02-02,0.001051399134763,0.005148011654807338,0.308451988012601,0.09514262890892573
2024-02-05,0.0021208532488174,-0.01255638600974679,0.2972374962650438,0.08835012918591192
2024-02-06,0.0007058889677087,-0.016988564420216,0.29334452413316464,0.0860510098389128
2024-02-07,4.282693730876168e-05,-0.01086068280628056,0.28348586920310076,0.08036423803783754
2024-02-08,0.0071274406604632,-0.00802535592625366,0.27356499144079743,0.07483780454200357
2024-02-09,-0.0007115451872649,-0.038079474347228776,0.3396213435107841,0.11534265696807003
2024-02-12,0.0027689535793439,-0.004606707700755291,0.3237958165656298,0.10484373082540298
2024-02-13,-0.0006464505297907,-0.019424805950449667,0.32043433686823863,0.10267816424418783
2024-02-14,0.0073723143134103,-0.0047551777878932005,0.30687905764201817,0.0941747560192531
2024-02-15,-0.0004000033930659,-0.039268505526125264,0.3667333685878145,0.13449336363576583
2024-02-16,-0.0021604356610375,-0.0056690736931833095,0.34800563889512126,0.12110792470280153
2024-02-19,0.0020025483782979,0.0018467187361317474,0.3370755678082782,0.11361993841327316
2024-02-20,0.0015781281259025,-0.01608743474844402,0.3267690868496821,0.10677803612057508
2024-02-21,0.0021527219787231,-0.014105480731872712,0.31645681055652236,0.10014491294760668
2024-02-22,-0.0020476478802407,-0.01640676284084806,0.3104402329358574,0.0963731382252694
2024-02-23,0.0013970560169852,0.0015972464053275017,0.3028313919733647,0.09170685196452566
2024-02-26,0.000828895956732,-0.013246469728562665,0.2937289809150722,0.08627671422940685
2024-02-27,0.0014148644563206,-0.010689260683093648,0.2842058643789839,0.08077297334740537
2024-02-28,-0.0019079040880915,-0.013105061897261572,0.27790973667125035,0.07723382173668372
2024-02-29,-0.0007242741448869,0.0012164664758370948,0.27375481003185065,0.07494169601557463
2024-03-01,0.0035638742896966,-0.003989157082549122,0.26589120301219704,0.07069813183927337
2024-03-04,0.0020905337681534,-0.022477703303797163,0.27897221431537395,0.07782549636002294
2024-03-05,0.0032212154534427,-0.015752917241422332,0.2780512992591087,0.07731252501967842
2024-03-06,-0.0017083920831901,-0.020250778857029923,0.2864450090422984,0.08205074320524243
2024-03-07,0.0023743179748331,0.0005601038922063524,0.27987311357121375,0.0783289597000455
2024-03-08,-0.000770028515334,-0.016798892887787964,0.27921375467447207,0.07796032079941627
2024-03-11,-0.0004893282328597,-0.0032891054446313565,0.27050683988486873,0.07317395042449802
2024-03-12,-0.0012817657373604,-0.0045181543915952995,0.26251936456004665,0.06891641676901068
2024-03-13,-0.0003128645572824,-0.0011890111682052625,0.2576560571686429,0.066386643795691
2024-03-14,0.0035194078183475,-0.005386276038285964,0.2508845338734884,0.06294304933691755
2024-03-15,0.0002702065684314,-0.021714814247599364,0.2664377764444669,0.07098908871667174
2024-03-18,-0.0008108388387542,-0.007642497124610119,0.25893297641949586,0.0670462862774592
2024-03-19,0.0036022270554057,-0.003043294855006397,0.25280666356351505,0.06391120914211629
2024-03-20,0.0001968242503217,-0.0218929384007985,0.2686096328785192,0.07215113487513285
2024-03-21,0.003475060965722,-0.007136452474975048,0.26074550640732913,0.06798821911161451
2024-03-22,0.0066064062554241,-0.02103037425417671,0.27398436006575555,0.0750674295606416
2024-03-25,-0.0050486735960889,-0.0337605019517489,0.3321006411063176,0.11029083582322716
2024-03-26,0.0048947900774162,0.01577082630172674,0.3463068484166374,0.11992843326026387
2024-03-27,0.0040845785039817,-0.027912742117733876,0.35830379485287034,0.1283816094059678
2024-03-28,0.0003677269705243,-0.02374138915558903,0.36421297864731095,0.1326510938151466
2024-03-29,-0.006968665059397,-0.007522150931491767,0.34592801243854504,0.11966618978968219
2024-04-01,0.0010895019088124,0.02411456325496479,0.3878275782585344,0.15041023045787966
2024-04-02,-0.0017684676737987,-0.010881454925925425,0.3674979396213968,0.13505473562597184
2024-04-03,0.0059611853019855,0.0015854569288073685,0.3520107319290899,0.12391155539325359
2024-04-04,0.0010633000889922,-0.0323610258501136,0.3782837596492682,0.1430986028143853
2024-04-05,-0.0016875586497669,-0.010619844738693344,0.360561787591787,0.1300048026713849
2024-04-08,0.0010844415966518,0.0013807300775828995,0.34557466956759053,0.11942185224674938
2024-04-09,0.0051300051375248,-0.010740411704680406,0.3304850569570124,0.10922037287187973
2024-04-10,-0.0024852431634605,-0.028228834227795485,0.35129122246912436,0.12340552298385182
2024-04-11,0.0001325621472099,0.005108309340740359,0.3403877312715695,0.11586380760020623
2024-04-12,-0.0049063411358409,-0.006485943027534489,0.3243737866464713,0.1052183534633705
2024-04-15,-0.0030376713956652,0.015692302513876027,0.3413241252346228,0.11650215846718046
2024-04-16,-0.0042744296950012,0.00701826282066129,0.33854111322343067,0.11461008534255969
2024-04-17,0.000443732522319,0.011998669566486233,0.3471710981254162,0.12052777137360736
2024-04-18,0.0023804523951119,-0.008224162359953777,0.3306033452296362,0.109298571877026
2024-04-19,-0.0004323659412336,-0.016400897802704987,0.3238447263093674,0.10487540675838906
2024-04-22,-0.000175061345576,-0.004380574412005988,0.30969078263003935,0.0959083808460063
2024-04-23,0.0005559532662549,-0.005499330439604021,0.2969452607800189,0.08817648789971344
2024-04-24,0.0043959139335668,-0.008598954330189479,0.28609107040691023,0.08184810056657167
2024-04-25,0.0026711798384938,-0.02477483116330255,0.30594378450576687,0.09360159927771113
2024-04-26,0.0005517933728688,-0.01703382251045361,0.30581252835810196,0.09352130250077492
2024-04-29,-0.0006437885441012,-0.008114004240853644,0.2942717908337514,0.08659588688050313
2024-04-30,-0.0023537486627845,-0.003170626253082942,0.2837179982480641,0.0804959025298885
2024-05-01,0.0048855813687918,0.0037632358968138265,0.28224400187157694,0.07966167659248274
2024-05-02,0.0014162159552659,-0.0263636807694242,0.3075280802010803,0.0945735201121621
2024-05-03,-0.0061276399032627,-0.011565046767577993,0.2991240133895002,0.08947517538624188
2024-05-06,-0.0016198817523521,0.019750244255676175,0.33743863049062395,0.11386482934738783
2024-05-07,0.0016813669771268,0.0006725517811116974,0.32615699042427354,0.10637838240261967
2024-05-08,0.0005529528809765,-0.012870749300396946,0.31558614058007944,0.09959461212622968
2024-05-09,-0.0010140315310234,-0.008163555004575947,0.3029889942642332,0.09180233064525155
2024-05-10,0.0009321363970253,-0.0017533662535408985,0.29237973871311324,0.08548591160994835
2024-05-13,-0.0004403470792287,-0.009737831367506384,0.28301239819070806,0.08009601752965591
2024-05-14,0.0036195038357525,-0.00408517750650728,0.2734781281398874,0.07479028657089667
2024-05-15,0.0008365970000618,-0.0207324677462772,0.28576953915218833,0.0816642295072541
2024-05-16,0.0,-0.009084440402492629,0.2774487736500223,0.07697782199990132
2024-05-17,0.004101212356825,-0.005627538186191703,0.26838345223009863,0.07202967743094563
2024-05-20,0.0036089843308127,-0.02229875698691373,0.28741674780127585,0.0826083869166622
2024-05-21,0.0001922078741004,-0.019745115987977138,0.29890413000138966,0.08934367893188763
2024-05-22,0.0007079615585158,-0.006008169096140387,0.28769324102137483,0.08276740092938287
2024-05-23,0.0016163526054243,-0.007986435235454623,0.2784109844517657,0.07751267626340132
2024-05-24,-0.0020713701459762,-0.011455527427694255,0.27375341010636733,0.07494092954486495
2024-05-27,0.0032718269867996,0.003099166774999799,0.2712652644432805,0.07358484369348288
2024-05-28,1.0095403364643946e-05,-0.018240501379167665,0.27943126235938265,0.07808183038375813
2024-05-29,-0.0018769721200386,-0.005016648047876524,0.27024030734318116,0.07302982371293702
2024-05-30,-0.0038050363143415,0.002488572434236433,0.26742255079721955,0.07151482067489148
2024-05-31,-0.0079399861417044,0.00988129405725811,0.28259824997253824,0.07986177088754122
2024-06-03,-0.0003066349633515,0.025621223101057605,0.3601735999956443,0.12972502213382237
2024-06-04,-0.0019954529339947,-0.004302375054770942,0.34244748577759865,0.11727028051539864
2024-06-05,-0.0079497387394028,0.0021373360561565734,0.33133521840476493,0.10978302695533329
2024-06-06,0.0022071499799485,0.025018061270396488,0.39348338589869697,0.1548291749783029
2024-06-07,-0.0016910583448793,-0.01430086068592924,0.37659564612981444,0.1418242806839324
2024-06-10,-0.0031421410074877,0.0009662673396277008,0.35990123225057824,0.12952889697548464
2024-06-11,-0.0009736247024845,0.006502045867707918,0.3542918034386641,0.12552268198382102
2024-06-12,-0.0008293562157864,-0.0020805923415689862,0.3384458834055306,0.11454561599415002
2024-06-13,0.0028273158524073,-0.0027118158083494948,0.32378859890677203,0.1048390567820105
2024-06-14,-0.0072864191796295,-0.016828400594562518,0.3207764062162541,0.10289750278501525
2024-06-17,-0.0069831787048441,0.02303212337253247,0.37059450079826844,0.1373402840219178
2024-06-18,0.0009018071784552,0.020697723337437142,0.41057065420654987,0.16856826209559433
2024-06-19,-0.0047381728005366,-0.009467730868353105,0.3881561478950938,0.15066519514875792
2024-06-20,0.0009578853676698,0.012177988553099066,0.39209314101775566,0.15373703123316962
2024-06-21,0.0040527508126825,-0.009816010131165745,0.3718994319081695,0.1383091874536192
2024-06-24,0.0016018593451716,-0.02159286188280334,0.37332785904256377,0.13937369033730435
2024-06-25,0.0028205515713723,-0.01200879379843181,0.3581881930951584,0.1282987816727745
2024-06-26,0.0001877624988968,-0.016474016440807433,0.3512906418560681,0.1234051150556483
2024-06-27,-0.000834756153163,-0.006481952233419897,0.33459365158566434,0.11195291168142893
2024-06-28,0.004395437641611,-0.002660396233459942,0.32022762669013816,0.1025457328955985
2024-07-01,0.0044072246902801,-0.022335258637149157,0.33267033630927223,0.1106695526601243
2024-07-02,0.0033984276645258,-0.02182208961775811,0.3451537515287594,0.11913111219437655
2024-07-03,0.0016177288540396,-0.01769327413498735,0.3453342555116947,0.11925574802981645
2024-07-04,0.000813003935901,-0.011075824928623938,0.3331934092808201,0.11101784798817607
2024-07-05,0.001100066402325,-0.008111714438748526,0.319353691713535,0.10198678041106356
2024-07-08,-0.0041187576325564,-0.00903419926405924,0.30773797589311414,0.09470266180679089
2024-07-09,0.0032655163317455,0.009414426174585806,0.3179674953452757,0.1011033280961479
2024-07-10,-0.0017705065623766,-0.017142241014368856,0.31828272382446166,0.10130389228511855
2024-07-11,0.0036508379573667,0.001269110105257194,0.3084672277596559,0.09515203060172742
2024-07-12,6.15502689683405e-05,-0.018742602656611568,0.31442885845443475,0.09886550702895895
2024-07-15,0.0020200610210357,-0.0053288142446862655,0.3015934425237831,0.09095860457334648
2024-07-16,-0.0003073512450743,-0.012504898405753428,0.296189002565674,0.08772792524084884
2024-07-17,-0.0020823130447206,-0.003829658050031887,0.2852480838113937,0.0813664693180719
2024-07-18,-0.009077156203094,0.0026657147400015483,0.28181484944060414,0.07941960936523039
2024-07-19,0.0023287397602256,0.028118954191876135,0.37965035182703566,0.14413438964239195
2024-07-22,0.0005270675093056,-0.014016096122648244,0.3649814971827919,0.13321149328579232
2024-07-23,0.0008985034637845,-0.007196201396367442,0.3474796763767181,0.12074212549486875
2024-07-24,-0.0014979751322755,-0.008552547766939176,0.33249085772370673,0.11055017046984619
2024-07-25,-0.0083052814451981,0.0004083321442471411,0.3204861263101721,0.1027113571572996
2024-07-26,-0.0037495151604159,0.025678441313950355,0.38999209726139167,0.1520938359263388
2024-07-29,0.0043956525060225,0.008056927027832651,0.38744163905636675,0.15011102367468396
2024-07-30,-0.0012405273915503,-0.021498929409566665,0.3882789957315677,0.15076057852631478
2024-07-31,-0.0049041402647788,-0.0008102649838880914,0.36919590755208537,0.13630561815320796
2024-08-01,-0.0036860673644433,0.012506098667639761,0.37855823526505605,0.14330633748699353
2024-08-02,-0.0094184258750722,0.007645041628781323,0.3758854372450653,0.14128986193291393
2024-08-05,-0.0080294031954219,0.027831832171524275,0.45209667452925556,0.20439140312041165
2024-08-06,0.0021816458715398,0.021819188524721814,0.49163832215206066,0.2417082398084934
2024-08-07,-0.0049047114336577,-0.013263716797376722,0.4648755859295571,0.216109310393349
2024-08-08,0.0079446934654788,0.011380177034839387,0.4595075805689787,0.21114721660035646
2024-08-09,0.0077764443181677,-0.03423331723930637,0.49110204549273484,0.2411812190871482
2024-08-12,-0.0023700227104879,-0.03261940024300421,0.5209246324490975,0.27136247269222735
2024-08-13,0.0017886476580367,0.002801665600731992,0.4914607285083493,0.24153364766595745
2024-08-14,0.0060091183847728,-0.011820491388958628,0.46393824070804773,0.21523869119127845
2024-08-15,0.0011240383509262,-0.02647917668441748,0.4728183668582406,0.22355720803849377
2024-08-16,0.005162570340385,-0.009263534469954338,0.4459310625481873,0.19885451254535536
2024-08-19,-0.000971792254467,-0.023127267522263583,0.4479634828259602,0.20067128194556433
2024-08-20,-0.0002405089277705,-0.0018970768950560234,0.42209651558980704,0.17816546847305623
2024-08-21,-0.0066731907571476,-0.004426115467516429,0.3980648851102638,0.1584556527578475
2024-08-22,-0.000494961054361,0.01773048494910801,0.42492492080709593,0.18056118832291673
2024-08-23,-0.0027105581729596,-0.0037270185542209473,0.4011973803801293,0.16095933802387818
2024-08-26,0.0011505129991488,0.0038086672753156687,0.38745032980558913,0.1501177580664598
2024-08-27,-0.0023235271595865,-0.009445662043545862,0.3682263760289519,0.1355906640034151
2024-08-28,-0.005300885256296,0.0024857507004757487,0.35560484867631104,0.12645480840210208
2024-08-29,-0.0045279451889145,0.012433331225024186,0.3732367816658307,0.13930569518826696
2024-08-30,0.0020480937710199,0.00927220199250542,0.3797857031034601,0.14423718028178953
2024-09-02,0.0011821712603583,-0.012629380733814314,0.3646718506137349,0.1329855586300462
2024-09-03,0.0028696558389019,-0.009649634518718433,0.3484964062573013,0.12144974517425401
2024-09-04,-0.0033487546093579,-0.01512138895967519,0.34318290644830113,0.11777450727830341
2024-09-05,-0.0017478951289186,0.005596942848309285,0.34042574353554905,0.11588968686173141
2024-09-06,0.0001173038167335,4.8442861574885324e-05,0.3288674061582476,0.1081537708332538
2024-09-09,-0.0019965483088642,-0.006181548601122715,0.3141449798479972,0.09868706836369857
2024-09-10,0.0017405602795164,0.0007671947914085538,0.30632303654757287,0.09383380271972568
2024-09-11,-0.0045553330636764,-0.011653546278211763,0.298395166472048,0.08903967537388123
2024-09-12,0.0061543429271085,0.00952768661889515,0.3155057117555688,0.09954385415038805
2024-09-13,0.0028294362214022,-0.02728907854423428,0.3508268003762105,0.12307944386220944
2024-09-16,-0.0012966870542339,-0.015250156707871367,0.34624224835818584,0.11988369454813164
2024-09-17,-0.0002446635509578,-0.0012521149882724764,0.331646284309316,0.10998925789617565
2024-09-18,0.0013926223313784,-0.0048582830374698845,0.31692146527452675,0.10043921515175305
2024-09-19,0.0003611136596991,-0.010393061241045927,0.306555212990005,0.09397609861134733
2024-09-20,0.0047040066745076,-0.006826618520064779,0.29465344029049106,0.086820649875022
2024-09-23,0.0036294087658261,-0.021453571780893653,0.3164075011502562,0.10011370678414937
2024-09-24,-0.008513955969799,-0.017278038819585728,0.32332183599222236,0.10453700962938153
2024-09-25,0.0002867479548187,0.023459538992292348,0.3946370559786542,0.1557384059514995
2024-09-26,0.0053057357019869,-0.006499865019411298,0.37344497755972683,0.1394611512645849
2024-09-27,-0.0009193250172086,-0.023410711541764488,0.38816857699435847,0.1506748441658252
2024-09-30,-0.0067145453895564,-0.0022619991661317796,0.3682422726052084,0.13560237133344863
2024-10-01,0.0018820890070095,0.01721995628514339,0.40151884911610525,0.16121738619552167
2024-10-02,-0.0053471174298713,-0.011995724099770396,0.3830631557966542,0.14673738132889175
2024-10-03,0.002709066732495,0.012924932639904265,0.39449722900622475,0.15562806369358972
2024-10-04,0.0012241529787139,-0.015135403969328116,0.38106435104245273,0.14521003963540566
2024-10-07,0.0022315173330028,-0.009827732244395516,0.36358790930647134,0.13219616779385082
2024-10-08,-0.004542700092862,-0.013256869284538137,0.35229888654926134,0.1241145054638493
2024-10-09,0.0032575508516684,0.010516269112007256,0.359565363086575,0.1292872503315805
2024-10-10,0.000637463199317,-0.017214148287576576,0.3542321105322629,0.1254803881321413
2024-10-11,-0.0052607950719117,-0.007724652172835229,0.3380069756326251,0.11424871557631401
2024-10-14,0.0009925149999714,0.013346247618625684,0.3566835214244977,0.12722313445578012
2024-10-15,0.0033756797499253,-0.009161210983118652,0.34032688547347156,0.11582238897607341
2024-10-16,-0.0020431898161549,-0.017603021200597677,0.340241225649422,0.11576409163142089
2024-10-17,0.001064676984273,0.0019508292024578086,0.32917848642756325,0.10835847592674146
2024-10-18,-0.0020985175319167,-0.009367684198847651,0.3161485648643124,0.09994991506576435
2024-10-21,0.0024070410237031,0.0021876715736660933,0.30861327504967784,0.0952421535368881
2024-10-22,-0.004232177893114,-0.014402292004381494,0.30435557439057215,0.09263231566261508
2024-10-23,-0.0017000677659352,0.01031645191883237,0.3159976879010157,0.0998545387587877
2024-10-24,-0.0002889852618492,0.0006221100394159422,0.30746300166839696,0.09453349739494066
2024-10-25,0.0032168655048016,-0.004649508191334702,0.2953688743131062,0.08724277191299153
2024-10-28,0.0004053548221593,-0.017526162801395177,0.3000639758821518,0.09003838962220458
2024-10-29,-0.0022636956896548,-0.007035636707944269,0.28914677651278115,0.08360585836773221
2024-10-30,0.0030739762498486,0.0027630243094834937,0.2861805341324381,0.08189929811632757
2024-10-31,0.0026181956230033,-0.017053830818106297,0.2902675754965099,0.08425526538462208
2024-11-01,-0.0009996649283532,-0.015020671416709971,0.2915258768133147,0.08498733685177193
2024-11-04,0.0037699953340821,-0.0016833219018698368,0.282140851988529,0.07960346036081303
2024-11-05,-0.0039508797349831,-0.01929842629712153,0.29425326163739524,0.08658498198424537
2024-11-06,0.0034632059378154,0.009634329676995401,0.30392131658146493,0.09236816667261104
2024-11-07,-0.0034313014386981,-0.01871266798923727,0.3081141509425816,0.09493433001106795
2024-11-08,0.002550712492006,0.008096612860362253,0.3105790225952061,0.09645932927619355
2024-11-11,-0.0037645616645312,-0.015498941228045186,0.3065785244022597,0.09399039162466695
2024-11-12,-6.388752140419359e-05,0.009715842016359222,0.3127045910943843,0.09778416129150609
2024-11-13,-0.0020585228974502,-0.005221816157958062,0.3000009555120947,0.09000057330816982
2024-11-14,-0.0009293757593941,0.0027508201760949053,0.29447704889185644,0.08671673232405681
2024-11-15,0.0019964840676986,-0.0018906651366371909,0.2850645309311785,0.08126178679501284
2024-11-18,-0.0016225161053631,-0.013650064003699825,0.28149868370167047,0.07924150892577313
2024-11-19,-0.0003953072049199,0.001009006124883644,0.27552149067094256,0.07591209182153828
2024-11-20,-0.0001175969504123,-0.004053282183788079,0.2670357430656032,0.07130808807459883
2024-11-21,-0.0039624772705938,-0.005209804320231146,0.2592052053404417,0.06718733847558056
2024-11-22,-0.0037198077990229,0.01036270080080881,0.27709233631133384,0.07678016284247333
2024-11-25,0.0050602213866319,0.008832642213205257,0.29042899832723834,0.08434900306936302
2024-11-26,-0.005221758376771,-0.026404915296565214,0.3154252802892882,0.099493107445576
2024-11-27,0.0015822718065027,0.01588434457223923,0.335307025124709,0.11243080109798223
2024-11-28,0.0022775820766378,-0.012581520205343932,0.32274557252037617,0.10416470458150538
2024-11-29,-3.217326126585314e-05,-0.015363879858802321,0.3168046799999206,0.1003652052698521
2024-12-02,-0.0019335100680208,-0.005641185964461734,0.3036361763191007,0.09219492756968403
2024-12-03,0.0006556571935899,0.002290234594827448,0.2969371221503682,0.0881716545109427
2024-12-04,0.0009988039573029,-0.008631559117167726,0.28648594502471375,0.08207419669670331
2024-12-05,-0.0027948444724746,-0.010027790558026453,0.27837858398787035,0.07749463602309178
2024-12-06,0.0008607942631143,0.005977048911452472,0.28056833079900073,0.0787185882473375
2024-12-09,-0.0016037944286171,-0.009587132528217319,0.2722938851537353,0.07414395989211559
2024-12-10,-0.0010778689665564,0.0009100545228651587,0.267559940017268,0.07158832150204407
2024-12-11,0.002466502225421,-0.0014510215669935852,0.2616374802676968,0.06845417108082942
2024-12-12,-0.0018089012269778,-0.01657184407873508,0.2646384720091151,0.0700335208673192
2024-12-13,0.0065524623870441,0.0018408382336558516,0.26154432323322635,0.06840543301552637
2024-12-16,0.0034095414283921,-0.03450229392498807,0.3179582288535093,0.10109743529566058
2024-12-17,0.0031746330541358,-0.020119475586369503,0.32374351037801224,0.10480986051187813
2024-12-18,-0.0037937029911779,-0.01878998237489536,0.3250751150889557,0.1056738304500978
2024-12-19,-0.0036045186531669,0.010363098918094407,0.3284100050087383,0.10785313138983951
2024-12-20,-0.0016407684270352,0.009167966621332176,0.3321475442770987,0.11032199116930724
2024-12-23,-3.224276035152137e-05,0.000854868884506651,0.3212768622625626,0.10321882222527762
2024-12-24,0.0033966585718449,-0.005781604979720996,0.3076106382451451,0.09462430476158552
2024-12-25,0.0040991850737817,-0.01975313310348039,0.31206924593866153,0.0973872142607248
2024-12-26,-0.0036821045795199,-0.02220017167894461,0.32445898645542787,0.10527363389168351
2024-12-27,0.0016879624006223,0.009433402064362134,0.326495468344222,0.10659929084931288
2024-12-30,0.0039310828074614,-0.01271027016370255,0.3157076003821944,0.09967128893908338
2024-12-31,-0.0006594351766715,-0.021748778333365026,0.32490097052712447,0.1055606406494674
2025-01-01,0.0,-0.002823352892077388,0.3111332247835326,0.09680388356420025
2025-01-02,-0.0002766586151836,-0.00553488891554861,0.29857091041964345,0.08914458854881475
2025-01-03,-0.0034433825321423,-0.004392671218220378,0.28742058619734084,0.08261059337002304
2025-01-06,0.0006618920580056,0.008515157768022849,0.29455609699895596,0.08676329427925836
2025-01-07,0.0029730412705998,-0.00841170788112352,0.2842734519983864,0.0808113955110789
2025-01-08,0.0009146880839369,-0.017783707575231972,0.2886668825690486,0.0833285690921329
2025-01-09,-0.0011807125721909,-0.009190637042738703,0.2803251078359512,0.07858216608323769
2025-01-10,-0.000447149061037,-0.0006526172644949046,0.2729480547475528,0.07450064059047307
2025-01-13,-3.192420343902421e-05,-0.003693701982361513,0.2648239543216516,0.07013172678255623
2025-01-14,0.0009153061474458,-0.005395814930015375,0.2572637004158296,0.06618461155164572
2025-01-15,0.0004361060497193,-0.009210926984889137,0.25215122874757584,0.06358024215891232
2025-01-16,-0.0014791826801679,-0.007195536888772313,0.2464664823318139,0.06074572691301833
2025-01-17,-0.0003621367989733,0.0005624631320706201,0.24452465067527177,0.05979230478786369
2025-01-20,0.0013839706703088,-0.0040632023816019654,0.23942864310213913,0.05732607513773151
2025-01-21,0.0044371540229897,-0.011122139461449191,0.23848910490148761,0.05687705315671276
2025-01-22,-0.0007416872043212,-0.023250995596278017,0.2697618440458313,0.0727714525030074
2025-01-23,-0.0001590316473487,-0.002217167191586187,0.26200882606964276,0.06864862493839231
2025-01-24,0.002001624932506,-0.004595376771093224,0.25473070112539153,0.06488773009583355
2025-01-27,0.0042652121477088,-0.013278295864137809,0.25545895443036104,0.06525927739865328
2025-01-28,-0.0052813998143217,-0.022107104254141384,0.2803920794145801,0.07861971819843219
2025-01-29,-0.0014202022811167,0.016707953778770945,0.30907132518640307,0.0955250840524793
2025-01-30,0.0020024944872718,0.0005568563444909363,0.30010486000917164,0.09006292700112452
2025-01-31,0.0008887190189533,-0.013369546857623243,0.2944034426009013,0.08667338701526217
2025-02-03,-0.0083148038725742,-0.008719267681339326,0.2850599227502027,0.08125915955835152
2025-02-04,0.0038420789502552,0.02893977865150381,0.36605105806001204,0.1339933771068543
2025-02-05,-0.0026059157157372,-0.021465034090651515,0.3629788410706119,0.13175363906496454
2025-02-06,-0.0016201351335099,0.005911287674686354,0.35181785385140807,0.12377580228861072
2025-02-07,0.0026739954174904,0.00158930740643353,0.33839189650048634,0.11450907561719588
2025-02-10,-0.0009047550436834,-0.016710809061135465,0.3320567659152891,0.11026169579012109
2025-02-11,-0.0003727730472391,-0.0013632557024023306,0.31788205486879245,0.10104900080760598
2025-02-12,0.0079577629690089,-0.0036799024931019097,0.3046928422932275,0.09283772814472561
2025-02-13,0.0030495613767265,-0.039363595911052734,0.374703220433399,0.14040250340316038
2025-02-14,-0.0044561471572011,-0.017769402360327025,0.36953673727121517,0.1365574001930551
2025-02-17,-0.0011329974096383,0.013733665885903072,0.37272720671521353,0.13892557062572553
2025-02-18,0.0005719293464893,-0.00041138037156804134,0.3556009143441675,0.12645201028240796
2025-02-19,-0.0003282559117589,-0.007565422470783751,0.3387512736715392,0.11475242541409003
2025-02-20,-0.0016220287011249,-0.0037776553294804555,0.323334683065737,0.10454531727322058
2025-02-21,0.0004879594616297,0.0016053920534068126,0.312869549628722,0.09788735508487932
2025-02-24,-0.0020487769018907,-0.007271614349998647,0.3003797069270962,0.09022796833360822
2025-02-25,-0.0025216131129516,0.003358220181955758,0.2946127425291528,0.08679666806054888
2025-02-26,0.0001704132722792,0.005145741301356275,0.2934187095776662,0.08609453913022282
2025-02-27,-0.0008951209269669,-0.006155558686680636,0.28271377416153526,0.07992707810065956
2025-02-28,-0.0027649843794791,-0.0017416264506064506,0.274220151017612,0.07519669122412193
2025-03-03,0.0047353120367298,0.005924409043304018,0.27757165296990033,0.07704602253244278
2025-03-04,0.0003723249491214,-0.025546510412948857,0.30140657293369005,0.09084592220763181
2025-03-05,0.0052192358208383,-0.0069701563895551814,0.2904586827362856,0.08436624637689821
2025-03-06,0.017099298974337,-0.027199490840097852,0.31972862983560685,0.10222639673655451
2025-03-07,-0.0089957614072711,-0.07648906283785155,0.5970880083622312,0.35651408972997584
2025-03-10,0.0,0.03397204507425695,0.6112012467532542,0.3735669640327323
2025-03-11,0.0010070203405508,-0.005323176351514872,0.5686769090480037,0.32339342688439154
2025-03-12,0.0108034780566929,-0.009701971668728809,0.5315527858757481,0.2825483641722688
2025-03-13,-0.0044594741008002,-0.05219756752187604,0.5955413652943812,0.35466951777669553
2025-03-14,-0.0018666022599368,0.014452583965657463,0.5678029558864196,0.32240019671335535
2025-03-17,0.0040520447217794,0.0029315329590336604,0.5334791130290342,0.28459996403824506
2025-03-18,0.000239083973111,-0.023184143427207843,0.5133452528940717,0.26352334866887844
2025-03-19,-0.0033313180089093,-0.006276998853494578,0.48083809605700817,0.2312052746197286
2025-03-20,-0.0026940327379073,0.00949369170869183,0.4616178049095737,0.21309099780953325
2025-03-21,0.0005540126651225,0.006541881530174669,0.44162303708429995,0.19503090688356098
2025-03-24,-0.0002717343922071,-0.007766183472399207,0.41565898557141695,0.1727723922862594
2025-03-25,-0.0032247056885199,-0.00411650953284893,0.39177796117174485,0.15348997085988922
2025-03-26,-0.001563735181576,0.008850327103525919,0.38245035002928573,0.14626827023752317
2025-03-27,-0.00250281845664,0.001416924070298085,0.36513138541485535,0.13332092861497163
2025-03-28,0.0025133357635262,0.005418709139682004,0.3543995495330432,0.12559904070922392
2025-03-31,0.0013539929135126,-0.016556022022728368,0.3446345461871015,0.11877297042558937
2025-04-01,0.0028384104565639,-0.011349932858733033,0.33092723831894416,0.10951283706140327
2025-04-02,-0.0022722203758897,-0.017682878371529785,0.3279354822213228,0.10754168049973153
2025-04-03,0.0022512736538764,0.004634393731713371,0.3192468685673448,0.10191856309005551
2025-04-04,-0.0076223675139007,-0.01526265016604919,0.31235033605074347,0.09756273243101236
2025-04-07,-0.0143088638836059,0.028641347028806566,0.37255486827538914,0.13879712987569257
2025-04-08,0.0032022452987189,0.056747603739402235,0.5592344881434514,0.31274321272906813
2025-04-09,-0.0104988020315028,-0.019683776273178192,0.52796192319283,0.2787437923414717
2025-04-10,0.008834891370729,0.041475704778694195,0.5840347518736179,0.3410965913960784
2025-04-11,-0.0137578651403881,-0.04610160919097878,0.6022461451330282,0.3627004193275925
2025-04-14,0.0042227247240185,0.05871710866797954,0.6941836292733045,0.48189091115105664
2025-04-15,-0.0028600213675401,-0.025599564938493607,0.653253618153345,0.42674028963043636
2025-04-16,0.0017277981423334,0.00810606101615693,0.61189602328033,0.37441674330628216
2025-04-17,0.0005932016387953,-0.01387146996485716,0.5714427156766034,0.32654677729985143
2025-04-18,0.0,-0.008418413262174738,0.53298341548843,0.2840713211857124
2025-04-21,0.0,-0.005558773019138539,0.4974904044712526,0.2474967025409705
2025-04-22,0.0042716774848776,-0.005562850007694658,0.4650780428451731,0.2162975859366967
2025-04-23,0.0067521040101396,-0.026236826703006456,0.4556437991698511,0.2076112717219356
2025-04-24,0.0023860281221455,-0.03755972492058936,0.4782521325908919,0.22872510232773602
2025-04-25,0.0025819500240318,-0.01655251020375405,0.4559218823806293,0.20786476283349636
2025-04-28,-0.0028053845948302,-0.017353680204505444,0.43590966598242775,0.19001723689691175
2025-04-29,-0.0030481432358478,0.007953460941947373,0.41744635314472617,0.17426145775383142
2025-04-30,0.0009708517291131,0.008927255639758058,0.4044390738699351,0.1635709644727708
2025-05-01,-0.0026160161808888,-0.009901382797426968,0.38195392953055474,0.14588880428383197
2025-05-02,0.0011967168718192,0.006921391395068858,0.3690139754879787,0.13617131410544253
2025-05-05,-0.0035731198589581,-0.01103608354301265,0.3507201769850691,0.12300464254443819
2025-05-06,-0.0034460584182561,0.011485309725345881,0.3495844240506243,0.12220926953880672
2025-05-07,0.0070298715773272,0.010561728264196543,0.34945109209276676,0.12211606576482736
2025-05-08,-0.005289232896348,-0.03885563579016697,0.39266923605093423,0.15418912894082432
2025-05-09,0.0022197670955413,0.020137932908696556,0.39924085109464574,0.1593932571827771
2025-05-12,0.00286652819553,-0.016410666996918517,0.38185969679945203,0.14581682803976945
2025-05-13,0.0012169447501311,-0.019404911648193156,0.37275785489475477,0.13894841838573904
2025-05-14,0.0016947129501185,-0.011282417316404454,0.3557658019960705,0.12656930586990722
2025-05-15,0.0018301112259345,-0.013521754859399847,0.3422899010487795,0.11716237635998324
2025-05-16,-0.006826681582181,-0.014063514286062296,0.3311865417296981,0.10968452542287703
2025-05-19,0.0003317481932177,0.02785471267078684,0.3743787128403431,0.14015942062799205
2025-05-20,0.0035246774639033,-0.0070014089316834845,0.35487101083471745,0.12593343433085413
2025-05-21,-0.0050559362556478,-0.022421244287851368,0.3540581685843915,0.12535718674133337
2025-05-22,0.0017879835174863,0.01948493683098467,0.3662619372436413,0.13414780667346504
2025-05-23,-0.0003530294374954,-0.01424219211390904,0.3508235772345171,0.12307718234362319
2025-05-26,0.0008022347732862,-0.003605693817098383,0.33382334042670464,0.11143802261364352
2025-05-27,-0.0010697681800379,-0.009338091677945172,0.31950015814098676,0.10208035105211556
2025-05-28,0.0037818721678881,-1.6882187453851234e-05,0.30708087522017263,0.09429866392598724
2025-05-29,-0.002754867651094,-0.02421718384302129,0.31567579537188056,0.09965120778366943
2025-05-30,-2.1414384399656903e-05,0.008647692182956954,0.3114909965459816,0.09702664092920872
2025-06-02,-0.0019479490404291,-0.0052428114850782154,0.2986526249285109,0.08919339037668983
2025-06-03,0.0011349468009372,0.004471506514739647,0.29274508392534,0.08569968416245434
2025-06-04,0.0024797216695014,-0.011204051829249164,0.283821060131822,0.08055439417435131
2025-06-05,-0.0026830276992653,-0.017882133643659273,0.2848657231472709,0.08114848022421758
2025-06-06,0.0043256301621466,0.008388819854235263,0.28500829870896194,0.08122973033297688
2025-06-09,-0.0015892837618496,-0.027628085399558425,0.302823824206251,0.0917022685068984
2025-06-10,0.0016745285334968,0.0030248649785914678,0.2935836148912246,0.08619133893259885
2025-06-11,0.0017993057605538,-0.01399873728959366,0.2869809376609449,0.08235805858075514
2025-06-12,0.0020190832552744,-0.014499775587676058,0.28290604167373407,0.08003582841550057
2025-06-13,-0.0037012051962958,-0.015462490561447429,0.28083252774674533,0.07886690864062648
2025-06-16,-0.0021333066765689,0.014247137732669567,0.29131886623024467,0.08486668182167519
2025-06-17,0.0036345846247799,0.005793193906598917,0.28884847880289755,0.08343344370674795
2025-06-18,-0.0021194901061473,-0.02405773085292314,0.2981938573543218,0.08891957656384962
2025-06-19,0.0021194901061473,0.005971095748129768,0.2922585779010256,0.08541507635672986
2025-06-20,-0.0002553424685308,-0.01632371663755878,0.28819179228769515,0.08305450914199404
2025-06-23,0.0007977763628751,-0.003734001313794047,0.27805932856698024,0.07731699020311987
2025-06-24,0.0021881741517073,-0.00927968011793797,0.2702115636057344,0.07301428910625583
2025-06-25,-0.0080537503193697,-0.016504648854581066,0.27079561776853556,0.07333026660264282
2025-06-26,0.0044183679428155,0.03789559092938973,0.3521098744923029,0.1239813637149853
2025-06-27,-0.0029434296764018,-0.02915387001356477,0.3558913162181588,0.12665862895949348
2025-06-30,-0.0002029042823043,0.01117757803728333,0.3473065031411109,0.12062180712410647
2025-07-01,-0.0017855746689423,-0.003985594458309571,0.3307232991610448,0.10937790060796593
2025-07-02,-0.0011029022326959,0.004715682627045066,0.32010020710120474,0.10246414258623418
2025-07-03,0.000824626867029,0.0008648630094946581,0.3083481064802311,0.09507855476994394
2025-07-04,0.0005885484789664,-0.009807966053332054,0.2969979720970601,0.08820779542976608
2025-07-07,0.0009303058487142,-0.0084681102864679,0.2866574964280767,0.08217252025841282
2025-07-08,-8.549898922699887e-05,-0.01031949798396726,0.2783808506784964,0.07749589802448331
2025-07-09,-0.0026222881705706,-0.00465958869824819,0.26939439156854966,0.07257333820858906
2025-07-10,-0.0031128643900472,0.009354733125111463,0.27248725790406403,0.07424930572007589
2025-07-11,0.0022229375388968,0.011747083184695929,0.28086061442931354,0.07888268473761152
2025-07-14,-0.0015781232174357,-0.01768170740538719,0.2787142820070855,0.07768165099472517
2025-07-15,3.227462943536924e-05,0.003425625303853752,0.2728912958282461,0.07446965933881933
2025-07-16,-0.0006340926632763,-0.005602350729506661,0.2645633556716951,0.06999376916426785
2025-07-17,0.0018258593117896,-0.0019199284772323717,0.25776127021508755,0.06644087242289537
2025-07-18,0.000686563083866,-0.01561809550484387,0.2571811017006296,0.06614211907194957
2025-07-21,-0.0008153221672598,-0.009149386810592663,0.25192902853757665,0.06346823541988712
2025-07-22,0.0016406453091245,-0.0007794905199263961,0.2469616286204564,0.06099004601086823
2025-07-23,-0.0018230983900172,-0.014481002317729901,0.2466731240232998,0.06084763011541425
2025-07-24,0.001051399134763,0.0049554055719456345,0.24658805744916226,0.060805670076551355
2025-07-25,0.001938881112376,-0.01127354828939852,0.24314407114708803,0.0591190393339802
2025-07-28,0.0006526626395427,-0.01612169549127333,0.24614646734887408,0.06058808338833033
2025-07-29,-0.0038039924258232,-0.00875988333474886,0.24208837866532043,0.05860678308480357
2025-07-30,-0.0011816309423051,0.016251779763434893,0.2623076189083512,0.0688052869373688
2025-07-31,-0.001053856478916,0.0012613346294592428,0.25820966697820175,0.06667223212099385
2025-08-01,0.0002904806622504,0.00044619793356577217,0.25346020130592584,0.06424207364604045
2025-08-04,0.0020201920323165,-0.007081136423466205,0.24740214430707208,0.06120782100773732
2025-08-05,0.0035897017035653,-0.01661472262230548,0.24997934545884795,0.06248967315603405
2025-08-06,-0.000620536288248,-0.024999970120781208,0.26888242577420346,0.07229775889022004
2025-08-07,0.0061034577498477,-0.0016803172070084444,0.2610623965715771,0.06815357490369539
2025-08-08,0.0007231509157197,-0.038995298929987376,0.3129246113705888,0.09792181240143402
2025-08-11,-0.0001913695507104,-0.008890736174625172,0.3015507684565117,0.09093286595671272
2025-08-12,0.0028560255036272,-0.0038212651622675908,0.2897705480008993,0.0839669704887415
2025-08-13,-0.0020164261662739,-0.02053813065147272,0.29230013060655946,0.0854393663526117
2025-08-14,0.001146642481971,0.006384141721770323,0.2867361331573075,0.08221761005800517
2025-08-15,-0.00159289672154,-0.011170802051335978,0.2785681924790306,0.07760023786103422
2025-08-18,0.0034693392308231,0.004073221988455866,0.2730760167305167,0.07457051091340543
2025-08-19,-0.0022584684196377,-0.024232929233696743,0.28351707714973884,0.08038193303553097
2025-08-20,-0.0017317948310134,0.008031344907282823,0.2803225860864286,0.0785807522701832
2025-08-21,-0.0038034619498217,0.0048863082566304025,0.2763451141914711,0.07636662213749722
2025-08-22,0.0023455748169631,0.016265705893603377,0.29089864284070244,0.08462202040656255
2025-08-25,0.0003513304550983,-0.01825484725549179,0.2877709855833514,0.08281214014361345
2025-08-26,-0.0032093932232174,-0.00692160219528586,0.2781131562804004,0.07734692769624642
2025-08-27,-0.00097230399905,0.013101898760962107,0.28472476120681894,0.08106818964428006
2025-08-28,-0.0020117395103697,0.0003309702034796627,0.27689708488340264,0.0766719956169263
2025-08-29,0.0029306349568004,0.006048324137625388,0.27458845450524055,0.07539881934757656
2025-09-01,-0.0004380068105298,-0.02170881810558604,0.2792570083997608,0.07798447674038407
2025-09-02,0.0016014635626754,-0.0026512345889910457,0.27021744416331567,0.07301746713015461
2025-09-03,-0.0006189378312648,-0.014132591557298721,0.2665459456737114,0.07104674115509313
2025-09-04,0.000458944993719,-0.0015519840193405918,0.2592786157921666,0.06722540060710194
2025-09-05,0.0013008210453736,-0.007659290224713726,0.25285243988433237,0.06393435635545991
2025-09-08,-0.0025713068424559,-0.012350530766611915,0.2501741807773828,0.0625871207276346
2025-09-09,-0.0032636894238734,0.009604061010977844,0.25508326169718115,0.0650674703980726
2025-09-10,0.0002036422587463,0.01318505510189601,0.268025978492668,0.07183792514695214
2025-09-11,0.0015418760756209,-0.006424571349028078,0.26016485485574187,0.06768575170210923
2025-09-12,-0.0007599507367502,-0.013883032511839134,0.2576859622224819,0.06640205512652639
2025-09-15,0.0002569754375424,-0.0009250228220467373,0.2516939663454937,0.0633498526947265
2025-09-16,0.0005885547858953,-0.00667331297746635,0.2458421501829618,0.060438362806581936
2025-09-17,-0.0019275676945784,-0.00850700735357948,0.24133247991872503,0.05824136586372182
2025-09-18,-0.0007506106733584,0.005628215921073365,0.2429153161244846,0.05900785080785829
2025-09-19,0.0021752461220807,-0.0011384704580842172,0.23913141634759638,0.05718383428440748
2025-09-22,0.0004173527591685,-0.017567480005015464,0.24361916913645687,0.059350299570737584
