date,yhat
2015-01-19,0.014252492636315454
2015-01-20,-0.0036262866011510715
2015-01-21,-0.0033716312244020373
2015-01-22,0.0010264989679616451
2015-01-23,0.0034486644268429782
2015-01-26,0.008237148203697305
2015-01-27,0.00670677991799947
2015-01-28,0.003688136679893425
2015-01-29,0.0066702641079270835
2015-01-30,-0.002264351515094116
2015-02-02,0.0008620663195509531
2015-02-03,0.00411016951758171
2015-02-04,0.0011528759875318304
2015-02-05,0.0013162078655746168
2015-02-06,0.00209235144665626
2015-02-09,0.0001479090414982073
2015-02-10,0.0027848416978132487
2015-02-11,0.0014250115166632377
2015-02-12,0.0009641912159992195
2015-02-13,6.543325172192338e-05
2015-02-16,-0.0009495774179120023
2015-02-17,0.0006719346922703029
2015-02-18,0.0006400985670409855
2015-02-19,-0.0012202149834849474
2015-02-20,-0.00014890973534557002
2015-02-23,-0.0005590029683961667
2015-02-24,9.89114169644898e-05
2015-02-25,-0.0005997630913840093
2015-02-26,-0.00027394609441446866
2015-02-27,0.00027352035546136436
2015-03-02,0.0004819457272378391
2015-03-03,-0.000474839799281999
2015-03-04,-0.0006309028151624046
2015-03-05,1.0179654338772743e-06
2015-03-06,0.00040679591247940106
2015-03-09,-0.0004921542951909146
2015-03-10,0.0007413333607058114
2015-03-11,-9.457550114469412e-05
2015-03-12,0.0001898421425070439
2015-03-13,0.00015706758418395538
2015-03-16,-3.131038073483953e-05
2015-03-17,0.0005027106087782545
2015-03-18,-0.0007697819631621362
2015-03-19,-8.71342558716945e-05
2015-03-20,0.0007004654152941561
2015-03-23,0.0004042523150801072
2015-03-24,0.00025845521263791936
2015-03-25,0.0004939232709039341
2015-03-26,0.0005234789885560736
2015-03-27,-0.0004411436201898821
2015-03-30,0.00024012340600130876
2015-03-31,0.0004091091800051976
2015-04-01,0.00017669882773837142
2015-04-02,0.0009222655704648939
2015-04-03,0.0001699906645114735
2015-04-06,-4.581181836842561e-05
2015-04-07,0.0001302132079577726
2015-04-08,5.5092845308048324e-05
2015-04-09,0.0006729433569436074
2015-04-10,0.0004038915851722845
2015-04-13,0.00018570339978600726
2015-04-14,0.0005433100297865644
2015-04-15,0.00019746231459982585
2015-04-16,-0.0001969209907435077
2015-04-17,0.0005458697845815609
2015-04-20,0.0002102705984851672
2015-04-21,0.00023084333716167914
2015-04-22,0.0003596651138378278
2015-04-23,-0.00034466516063616113
2015-04-24,-0.0006265969955080644
2015-04-27,0.0007044245970369596
2015-04-28,-0.00025231255736488627
2015-04-29,-0.00022808057801004965
2015-04-30,-0.00034846835100758725
2015-05-01,0.0002900020300940046
2015-05-04,8.040020186074211e-05
2015-05-05,0.00023161653836214994
2015-05-06,0.00038288771253596886
2015-05-07,0.0003303944856645481
2015-05-08,-0.0003764600951449226
2015-05-11,-0.00012095509002313235
2015-05-12,-0.00047603906544055026
2015-05-13,0.0004996350401069605
2015-05-14,0.00012629171634152234
2015-05-15,0.00019986234452725103
2015-05-18,-7.43202841210362e-05
2015-05-19,-0.0006230801964058832
2015-05-20,-2.8703055184532663e-05
2015-05-21,0.0005257963017806855
2015-05-22,8.4058932924572e-05
2015-05-25,8.176360204796667e-05
2015-05-26,0.00011789874857091363
2015-05-27,-0.00019286110740253165
2015-05-28,3.057692387496247e-05
2015-05-29,0.00023722065198904886
2015-06-01,0.0004387385036715436
2015-06-02,0.000357419660534149
2015-06-03,-0.0003819983148272405
2015-06-04,-0.0009473925486025097
2015-06-05,-0.00042547948149621143
2015-06-08,0.0006057269078015171
2015-06-09,0.0003217489436066702
2015-06-10,-0.00024667773653154696
2015-06-11,-0.00038650075572404326
2015-06-12,-0.0003961846977513336
2015-06-15,0.0003449553587036517
2015-06-16,0.0001991507897968895
2015-06-17,-0.0003716110075650463
2015-06-18,0.00031153560158512383
2015-06-19,-0.0002559736683222624
2015-06-22,-0.00012838292331902895
2015-06-23,0.00044746409633050673
2015-06-24,2.0234289731185363e-05
2015-06-25,0.00024234926424102575
2015-06-26,-0.00038311952318958623
2015-06-29,-4.113946685035523e-06
2015-06-30,0.0011216023707283685
2015-07-01,-0.000842063141062858
2015-07-02,-0.0003718300951317034
2015-07-03,-0.0003700547589982036
2015-07-06,0.00025592485053745756
2015-07-07,0.0009730278464597763
2015-07-08,-0.00018673960148363677
2015-07-09,0.00020560050435613347
2015-07-10,-0.00010389057334033953
2015-07-13,-0.00045237231201357756
2015-07-14,0.0006059215199664554
2015-07-15,0.0003864365961525793
2015-07-16,0.0005352363856434139
2015-07-17,-0.0001259401563996093
2015-07-20,-0.000316507909906599
2015-07-21,-4.190140660317123e-05
2015-07-22,-0.00014421014529838222
2015-07-23,6.462990362278748e-05
2015-07-24,0.00011207440204776879
2015-07-27,-0.0003449568491405503
2015-07-28,-0.00034640472874380263
2015-07-29,-0.0007583802724458233
2015-07-30,0.00033614850498615335
2015-07-31,9.82878777538594e-05
2015-08-03,-0.00017211009486245278
2015-08-04,-0.0002823157681096521
2015-08-05,-0.0004605074387976289
2015-08-06,-0.0005384330738127175
2015-08-07,-0.0002486930874651265
2015-08-10,-0.0003638229797401997
2015-08-11,-0.0001883312484943051
2015-08-12,-0.0004714935097905898
2015-08-13,-0.00042618127630551767
2015-08-14,1.347130169917258e-05
2015-08-17,-0.00014347651095895263
2015-08-18,-9.467580327133233e-05
2015-08-19,-0.00017620755332086705
2015-08-20,2.2790303588493012e-05
2015-08-21,-0.0002390752380360872
2015-08-24,-0.0005552283693379339
2015-08-25,-6.024496807904124e-05
2015-08-26,-0.00016572416628227786
2015-08-27,-0.0001118556976219305
2015-08-28,0.00046414834776221204
2015-08-31,-0.00036097793336682075
2015-09-01,0.00039294684924114716
2015-09-02,-0.0007286008171379043
2015-09-03,-0.0005262757246992811
2015-09-04,-3.520387416417968e-05
2015-09-07,0.0001907457402264121
2015-09-08,-9.572743381226704e-06
2015-09-09,-0.00037892930155702215
2015-09-10,-0.0004893781866477287
2015-09-11,0.00027543170826083494
2015-09-14,-0.0004996492665824269
2015-09-15,0.00023057620529067996
2015-09-16,0.00016414061422071323
2015-09-17,-0.00036475671976401975
2015-09-18,-0.00014379130983891743
2015-09-21,-0.00031606351496748006
2015-09-22,0.00018573135637072288
2015-09-23,0.0006559659089891572
2015-09-24,-0.0005237572674492005
2015-09-25,-0.0007726419794740605
2015-09-28,8.046804284310668e-06
2015-09-29,-0.0003280287726097225
2015-09-30,0.00041760056696408854
2015-10-01,0.0005276961535860786
2015-10-02,0.00013412089163802472
2015-10-05,-0.00030556785319417034
2015-10-06,-0.00015157311796989265
2015-10-07,-0.00031868974526212717
2015-10-08,0.0002392749294897256
2015-10-09,-6.549763018232162e-05
2015-10-12,0.0003326142386949281
2015-10-13,-0.00012796633672746216
2015-10-14,1.7138257750852086e-05
2015-10-15,0.00016254740528666474
2015-10-16,0.0003190489161830921
2015-10-19,0.00039184024709331203
2015-10-20,-0.0002603566328594487
2015-10-21,-0.00035999167374236094
2015-10-22,-0.00019679673806774413
2015-10-23,-7.3655056711082965e-06
2015-10-26,0.0009430889573775896
2015-10-27,-0.00019113935836800232
2015-10-28,-0.0006608144498896031
2015-10-29,2.1508403476002498e-05
2015-10-30,5.266928834169865e-06
2015-11-02,2.1684274785886937e-05
2015-11-03,0.00024600444576191883
2015-11-04,0.00017928384275952625
2015-11-05,0.0003809653081337752
2015-11-06,6.057304311669086e-05
2015-11-09,-0.0004058254729390789
2015-11-10,0.00036287481935174624
2015-11-11,-3.2647753876237296e-05
2015-11-12,-0.0001513755315888968
2015-11-13,0.00010876042068819897
2015-11-16,7.418312210448041e-05
2015-11-17,0.00042178711046480383
2015-11-18,7.877876034172094e-05
2015-11-19,-0.00042142983288408366
2015-11-20,-0.00043395953654681233
2015-11-23,4.667183072037859e-06
2015-11-24,0.00022700896396361613
2015-11-25,6.375660136129018e-05
2015-11-26,1.6312613927235725e-05
2015-11-27,-0.0002663375402157785
2015-11-30,-0.000337649900334966
2015-12-01,-0.00033204325293830774
2015-12-02,0.00012578121334360433
2015-12-03,0.00021306070287819355
2015-12-04,0.0004446907488804556
2015-12-07,-0.0005346886443683466
2015-12-08,-0.0002749073432308141
2015-12-09,-5.018108802020446e-05
2015-12-10,2.7412942662129542e-05
2015-12-11,6.700337514792483e-05
2015-12-14,0.0003601539817151186
2015-12-15,-2.759035913510743e-05
2015-12-16,-4.770340870563624e-05
2015-12-17,-4.3632457372623924e-05
2015-12-18,0.00037235286452886484
2015-12-21,2.8966596446156577e-05
2015-12-22,-0.00018743293971636992
2015-12-23,-0.00045336041146740207
2015-12-24,0.00017971237185701773
2015-12-25,6.969211659677733e-05
2015-12-28,-7.303172721054306e-05
2015-12-29,9.915004731394023e-05
2015-12-30,-8.749647335976742e-05
2015-12-31,-1.9563131689492504e-05
2016-01-01,-5.446561784740392e-05
2016-01-04,-0.0005703444053715674
2016-01-05,0.00025963710552991934
2016-01-06,-0.0001728094184290708
2016-01-07,-0.00016416999837815452
2016-01-08,-3.5702720042736574e-05
2016-01-11,-5.6066779131217485e-05
2016-01-12,2.097562466784852e-05
2016-01-13,-0.00015198694789703862
2016-01-14,-0.0003845514769113534
2016-01-15,-0.00032836308798863957
2016-01-18,9.017135534174195e-05
2016-01-19,-0.000255404019084234
2016-01-20,-0.00022555519484483079
2016-01-21,5.024872378122033e-05
2016-01-22,-0.00014806809174609508
2016-01-25,-0.00027566974506532837
2016-01-26,-0.0003127915893621064
2016-01-27,-0.00041885278180532035
2016-01-28,-0.0003456683515438223
2016-01-29,-0.00022242886166181847
2016-02-01,-0.00016423267572079773
2016-02-02,-0.0001262975845842019
2016-02-03,-0.0002799144292288224
2016-02-04,-0.00044833888647154076
2016-02-05,-0.0003583430948740799
2016-02-08,9.887473948880534e-05
2016-02-09,0.0001502437778700167
2016-02-10,5.928056316204411e-05
2016-02-11,0.00016578250880611858
2016-02-12,-0.00040510185501470487
2016-02-15,-0.00036852900569395717
2016-02-16,3.394087900650798e-05
2016-02-17,-0.00019321677636925758
2016-02-18,0.0002516743295840283
2016-02-19,1.7359459199212307e-05
2016-02-22,8.49740429584638e-05
2016-02-23,0.00018956867723297766
2016-02-24,-7.488105766522802e-06
2016-02-25,0.0006219814937267306
2016-02-26,-8.101578031478845e-05
2016-02-29,-0.0003804250666207003
2016-03-01,0.0002528522800509688
2016-03-02,0.00017831284903117338
2016-03-03,0.0004231451893277017
2016-03-04,0.00017397156140074716
2016-03-07,-0.00029230137654365804
2016-03-08,-0.0002155478067627476
2016-03-09,-0.00014088705074320507
2016-03-10,0.0001934932887539124
2016-03-11,0.00014354996528208915
2016-03-14,-8.448837757501148e-05
2016-03-15,0.00019666262021009144
2016-03-16,-0.0001881826453725074
2016-03-17,-0.00032142470529030815
2016-03-18,-1.4467274591780543e-05
2016-03-21,0.0002011234806156134
2016-03-22,0.00016653156177858013
2016-03-23,4.673411170700428e-05
2016-03-24,-0.0001214547044662953
2016-03-25,0.00012030562987354227
2016-03-28,-0.00014466992850982813
2016-03-29,-0.00019323745820817208
2016-03-30,0.00011234201854071492
2016-03-31,-0.0001170844598250408
2016-04-01,-0.0002245441325990057
2016-04-04,6.453644440774619e-05
2016-04-05,-1.2822887729798346e-05
2016-04-06,8.374379055935503e-05
2016-04-07,0.00010361043552948777
2016-04-08,-0.00018535047472526242
2016-04-11,6.649011914647895e-05
2016-04-12,-0.00022574225954970895
2016-04-13,-0.00016445904349558172
2016-04-14,0.0001172911394917875
2016-04-15,-0.00012477160691977624
2016-04-18,3.5662278525653935e-05
2016-04-19,-0.0001420615872602478
2016-04-20,-0.00010553517922267817
2016-04-21,-0.00026399818118039213
2016-04-22,-0.0005542774559767979
2016-04-25,-0.00013558471217282322
2016-04-26,0.00010096882089841749
2016-04-27,-0.00015178142423953825
2016-04-28,-0.00011816575375130896
2016-04-29,-0.00011278222134524907
2016-05-02,-4.9216414943563855e-05
2016-05-03,-0.00042041451280270425
2016-05-04,-0.00019825608093640337
2016-05-05,0.0001319914429982575
2016-05-06,-0.0004225250254367994
2016-05-09,-0.0005029079992204688
2016-05-10,-0.000275993730964182
2016-05-11,3.040597737121212e-06
2016-05-12,-0.000252054685634599
2016-05-13,6.352935514727031e-06
2016-05-16,0.00020831838770515862
2016-05-17,-0.0003202852361680434
2016-05-18,-0.0005755390756545501
2016-05-19,-0.0003525876295287444
2016-05-20,-6.044151536111722e-05
2016-05-23,-3.056685047444191e-05
2016-05-24,-0.0001074914902934718
2016-05-25,0.0003224192669569451
2016-05-26,0.00015157059713555488
2016-05-27,-0.0003838392858804562
2016-05-30,-0.00026055085182039175
2016-05-31,-3.071249420756343e-05
2016-06-01,-0.00014209535697506015
2016-06-02,-8.25097278493989e-05
2016-06-03,7.46470339541191e-05
2016-06-06,3.511273745170281e-05
2016-06-07,-0.00014779763270296036
2016-06-08,0.0004240629183337697
2016-06-09,0.00036334005819546486
2016-06-10,5.073518221400802e-05
2016-06-13,0.0001758874192306727
2016-06-14,0.00016054343657259535
2016-06-15,-0.00011124558870180032
2016-06-16,0.00045384666526963164
2016-06-17,-0.0002453567359833099
2016-06-20,-4.099126842906256e-05
2016-06-21,0.0001729817503549542
2016-06-22,0.00034547562656778825
2016-06-23,0.0005498227783441614
2016-06-24,-0.00025728623148438897
2016-06-27,0.0001325157469349035
2016-06-28,0.0009718981189181456
2016-06-29,-0.0010282371692691401
2016-06-30,-0.0006413546161901231
2016-07-01,7.714139948296273e-05
2016-07-04,0.0005978673192768013
2016-07-05,0.0004877565469467945
2016-07-06,0.0003954343651533275
2016-07-07,0.000337447485898969
2016-07-08,0.00010541389269125444
2016-07-11,-0.0005230323098355577
2016-07-12,-0.00012868337509187508
2016-07-13,2.2632299087112525e-05
2016-07-14,-0.00015073546971912526
2016-07-15,0.00024405375163615923
2016-07-18,0.00030635865190859667
2016-07-19,-1.4721010264313735e-05
2016-07-20,-4.0895954265206006e-05
2016-07-21,-5.877216523331134e-05
2016-07-22,-0.00016636775784882517
2016-07-25,2.382623673437451e-05
2016-07-26,0.00016701387880966922
2016-07-27,-7.260706956604469e-05
2016-07-28,-0.00044267811559511557
2016-07-29,9.610020677009771e-05
2016-08-01,0.00028289250263080067
2016-08-02,0.00017109373392308367
2016-08-03,-2.095566338819847e-05
2016-08-04,-0.0003203631972421536
2016-08-05,-0.000267956640627555
2016-08-08,-9.807347636068435e-05
2016-08-09,-0.0001919882819896026
2016-08-10,0.00015787212933003462
2016-08-11,0.0001438708545634043
2016-08-12,0.0001571723179468515
2016-08-15,2.3577518972989306e-05
2016-08-16,-0.00036991289738091607
2016-08-17,-3.763834153227496e-05
2016-08-18,3.767555428781719e-05
2016-08-19,-0.00025908698801790036
2016-08-22,0.00010763746153538027
2016-08-23,-0.0003796681655558011
2016-08-24,-0.00014307125500507504
2016-08-25,0.00012258426730086785
2016-08-26,-0.0001907573616993821
2016-08-29,-0.00013143487871205718
2016-08-30,-0.0001816407553797471
2016-08-31,-0.00015994504746224473
2016-09-01,-0.00018439943979637946
2016-09-02,-0.00027013608682679345
2016-09-05,6.291347179534984e-05
2016-09-06,0.00014895729915585391
2016-09-07,-0.00012331923164443816
2016-09-08,-5.744051756847757e-05
2016-09-09,-0.00029362743646410116
2016-09-12,-0.000523599391728543
2016-09-13,1.3172585080625972e-05
2016-09-14,0.00013604863928856655
2016-09-15,-0.00024478233376007294
2016-09-16,0.00022638694426279228
2016-09-19,-6.877266021437544e-05
2016-09-20,-0.0003107423469501116
2016-09-21,-0.00013338357148911628
2016-09-22,0.00015740312403485183
2016-09-23,0.00027024668541417016
2016-09-26,3.2712925732993715e-05
2016-09-27,-0.00044145294500061525
2016-09-28,-1.7577828954769642e-05
2016-09-29,7.88084562859697e-05
2016-09-30,7.51060842805111e-05
2016-10-03,0.00020059562825575796
2016-10-04,-0.0005308017177224992
2016-10-05,-0.00018445373776021843
2016-10-06,-0.00028228120189218857
2016-10-07,0.00022315098409716119
2016-10-10,5.7986590885067855e-05
2016-10-11,-0.00016994413868573181
2016-10-12,8.067689949059483e-05
2016-10-13,8.187827724844084e-05
2016-10-14,-2.97782220703552e-05
2016-10-17,0.00024878301683200533
2016-10-18,0.00011927811368922347
2016-10-19,-6.656794062902363e-05
2016-10-20,-6.165101234835106e-05
2016-10-21,4.8775611732828286e-05
2016-10-24,0.00014069116936176794
2016-10-25,0.00035097739765875487
2016-10-26,-5.302866943864898e-05
2016-10-27,-0.00023505507391145534
2016-10-28,-3.981627970031669e-06
2016-10-31,-5.029917855152319e-05
2016-11-01,8.967430265367627e-06
2016-11-02,0.00024100168148608086
2016-11-03,0.00042178117544476693
2016-11-04,-0.0003254615549050856
2016-11-07,-0.0002943919496372376
2016-11-08,4.3745153091625276e-05
2016-11-09,0.000218828925574489
2016-11-10,-2.5980257557011924e-05
2016-11-11,0.00031141897958541397
2016-11-14,0.00012474107590990392
2016-11-15,0.0002594251064906454
2016-11-16,-0.0002624402882939606
2016-11-17,-9.550533620934701e-05
2016-11-18,0.0003748268428357688
2016-11-21,0.00020894032362745636
2016-11-22,-0.00010608314699039896
2016-11-23,-4.565545113537704e-05
2016-11-24,-0.0001508876054743786
2016-11-25,0.0002476087304420008
2016-11-28,-0.00010932683662594409
2016-11-29,3.60021652451421e-06
2016-11-30,-1.661410687644287e-05
2016-12-01,-0.0002179949797719758
2016-12-02,-2.7647719984556158e-05
2016-12-05,4.785372845856669e-05
2016-12-06,-7.534017447393025e-05
2016-12-07,-0.000766246295659433
2016-12-08,-0.00010653408487388923
2016-12-09,-1.838094531492689e-05
2016-12-12,0.00028843152574669115
2016-12-13,0.00025256280892612206
2016-12-14,-0.00043250860393730106
2016-12-15,8.562975225753714e-05
2016-12-16,-5.861937076653361e-05
2016-12-19,-0.00010920445075761078
2016-12-20,0.00048266756439696346
2016-12-21,0.0002860461066785874
2016-12-22,1.3045085597515002e-05
2016-12-23,-0.00013510142877130264
2016-12-26,-0.00014299816087883784
2016-12-27,4.6669855259345634e-05
2016-12-28,4.572183383403311e-05
2016-12-29,0.0001395958610661623
2016-12-30,0.00017595813266227327
2017-01-02,-0.00023695749720372488
2017-01-03,0.00010937219566981642
2017-01-04,1.6031893691297133e-05
2017-01-05,-4.806576113986247e-05
2017-01-06,-0.00014305734788500266
2017-01-09,-4.152147249040522e-05
2017-01-10,-6.040235542142456e-05
2017-01-11,-1.299585721718506e-05
2017-01-12,6.071918674999828e-05
2017-01-13,0.0001389656937664728
2017-01-16,-3.622095257913891e-05
2017-01-17,-8.35507765856725e-05
2017-01-18,-0.00011461259961555803
2017-01-19,-7.010863464252945e-05
2017-01-20,-5.678215528158473e-05
2017-01-23,-0.00017915418217955562
2017-01-24,-1.0462394115183203e-05
2017-01-25,-0.00012177688083062642
2017-01-26,-0.00010666696020957408
2017-01-27,0.0001310556748058546
2017-01-30,0.0003231601351207926
2017-01-31,-0.00012817432344263083
2017-02-01,3.435186782832365e-06
2017-02-02,-0.0005359420496535482
2017-02-03,-0.00010447005116160948
2017-02-06,7.893066047571963e-05
2017-02-07,4.439349923543108e-05
2017-02-08,0.0005313173071854905
2017-02-09,5.052940808340051e-05
2017-02-10,-0.00023430096886988087
2017-02-13,-0.00021830969142959292
2017-02-14,-7.329821654216877e-05
2017-02-15,0.00024010022364398553
2017-02-16,0.0001034866887363185
2017-02-17,3.5278173412872905e-05
2017-02-20,0.0001855357427561606
2017-02-21,-0.0001566543353221075
2017-02-22,3.5381930122236276e-05
2017-02-23,-7.282546029335623e-05
2017-02-24,-0.00011514324786115264
2017-02-27,0.00015602320906694988
2017-02-28,-0.00017365121223147483
2017-03-01,-0.00023218717851062609
2017-03-02,0.00035221388396499266
2017-03-03,-0.00022764403007869782
2017-03-06,-0.0002781656446100258
2017-03-07,-0.0004624038565227698
2017-03-08,-8.105550886452861e-05
2017-03-09,0.00014711144903102147
2017-03-10,1.2587061158307256e-05
2017-03-13,-0.0003683967420003313
2017-03-14,-0.00043228047725628354
2017-03-15,0.00030156490993594163
2017-03-16,-0.00018182807549483758
2017-03-17,-0.00038989823792047825
2017-03-20,0.00021160428017293363
2017-03-21,-9.674088584139065e-05
2017-03-22,-0.00015112202813143645
2017-03-23,-2.0016847223032057e-06
2017-03-24,0.00023684089975734967
2017-03-27,0.0001271789178293564
2017-03-28,-0.00016568253367548228
2017-03-29,-0.00012080292279260039
2017-03-30,-0.00017878528207683698
2017-03-31,0.00015691858076505365
2017-04-03,0.00015869852428857507
2017-04-04,-5.979437339913733e-05
2017-04-05,5.9290072875364404e-05
2017-04-06,-0.00029586399890338774
2017-04-07,-0.00010124649736230316
2017-04-10,0.0002221829825382745
2017-04-11,9.225421522326373e-05
2017-04-12,2.0699064823798716e-05
2017-04-13,-5.8743495697157186e-05
2017-04-14,-0.0001513870542056521
2017-04-17,9.132377354588255e-05
2017-04-18,-7.713977276653469e-05
2017-04-19,-0.00019944711031606255
2017-04-20,1.7260188195031665e-05
2017-04-21,-0.00010470445603265262
2017-04-24,-0.0004333601621809168
2017-04-25,-0.000691009354040425
2017-04-26,-0.00014822062746817552
2017-04-27,-0.00010091547747943764
2017-04-28,0.0001805715151837911
2017-05-01,2.6330524073341978e-05
2017-05-02,-0.0005806993651426489
2017-05-03,-0.00027674695013861603
2017-05-04,-9.076313768192692e-05
2017-05-05,-0.000197084154040003
2017-05-08,-1.8933298806030662e-05
2017-05-09,-0.00043003327178249887
2017-05-10,-0.0005143672620980228
2017-05-11,-0.00038472404308941124
2017-05-12,-6.0817095933114606e-05
2017-05-15,0.00019755206674840605
2017-05-16,4.7031748579693266e-05
2017-05-17,-0.00014375071523779808
2017-05-18,-0.0002577227562411422
2017-05-19,-0.00024179350415548325
2017-05-22,9.211186191763291e-06
2017-05-23,-0.0003586841300137753
2017-05-24,-0.0001715576581736859
2017-05-25,0.00013866343640601042
2017-05-26,-0.00012069043274325757
2017-05-29,0.0001136549620585786
2017-05-30,9.484456349306257e-05
2017-05-31,-0.00016604528552053175
2017-06-01,-3.938109333849502e-06
2017-06-02,-0.00011577337754747427
2017-06-05,-6.569005859093777e-05
2017-06-06,0.0002546456914123594
2017-06-07,-8.248866969811481e-05
2017-06-08,4.204744654538098e-06
2017-06-09,-6.532665203390434e-05
2017-06-12,-1.224625531317983e-05
2017-06-13,-7.668483725343199e-05
2017-06-14,3.401848960412489e-05
2017-06-15,-0.00017463360644460446
2017-06-16,-0.00013922694566285997
2017-06-19,2.4313680829191173e-05
2017-06-20,-0.0001974922055032285
2017-06-21,0.0001716360838267763
2017-06-22,8.496362288911597e-05
2017-06-23,-0.00021367301515249097
2017-06-26,4.977298407361482e-05
2017-06-27,-0.00039201727094246344
2017-06-28,-0.0002239775532110195
2017-06-29,-7.731012325633208e-05
2017-06-30,-0.00021143400833201496
2017-07-03,0.00011587402036914934
2017-07-04,-0.0001299089249183441
2017-07-05,-8.367254324912115e-05
2017-07-06,-2.625977160834887e-05
2017-07-07,-0.0002996402542111344
2017-07-10,-0.0004352663217237115
2017-07-11,-0.000284383243873034
2017-07-12,-0.000354016735980798
2017-07-13,-0.00044170185823341946
2017-07-14,0.00017641390064239383
2017-07-17,-0.0002416843685295905
2017-07-18,-0.00036747162488864
2017-07-19,-1.152671695420181e-05
2017-07-20,-0.00012091111916740273
2017-07-21,-0.0002010484990437988
2017-07-24,-0.0005058113596770546
2017-07-25,1.7286545877514283e-05
2017-07-26,-0.00019787545893100908
2017-07-27,-0.0008716070785201287
2017-07-28,-0.0006749702844421953
2017-07-31,-0.0009077480348740949
2017-08-01,-0.0006275517785643732
2017-08-02,1.8676181996517895e-07
2017-08-03,-0.00011217517378425928
2017-08-04,-0.0007254684261260404
2017-08-07,-0.00022394751743871988
2017-08-08,-0.000486761579400418
2017-08-09,-0.0007024646600151968
2017-08-10,0.00032798357320843824
2017-08-11,0.0003271630715708456
2017-08-14,-0.000501534109021405
2017-08-15,-0.0008666269007356392
2017-08-16,-0.0007265662657348282
2017-08-17,0.0005438577540999977
2017-08-18,0.0007022663594223981
2017-08-21,0.00028070501565439284
2017-08-22,-0.0006520814244632115
2017-08-23,-0.0004254886353218493
2017-08-24,-0.0006066690184918465
2017-08-25,-4.9536463731730866e-05
2017-08-28,0.0005422219943288194
2017-08-29,0.000249561543252025
2017-08-30,0.00015572564515417195
2017-08-31,-0.0004038017236956038
2017-09-01,-0.0003475319326107447
2017-09-04,0.00035159949507594255
2017-09-05,-4.887053920845646e-06
2017-09-06,0.00020281757198559555
2017-09-07,-3.0055037237204977e-05
2017-09-08,-0.0005421146091294349
2017-09-11,-8.542324027854528e-05
2017-09-12,-2.8005954010443645e-05
2017-09-13,-0.0004318088892916982
2017-09-14,-0.00013047461308796546
2017-09-15,0.0001606316515459216
2017-09-18,-0.00022685636252264984
2017-09-19,-0.0002139004186585818
2017-09-20,-0.0005370687920666037
2017-09-21,-0.00038394745758695844
2017-09-22,-9.781982243750248e-05
2017-09-25,-0.0005628333672097547
2017-09-26,0.00037564716483746427
2017-09-27,0.0008384089396833341
2017-09-28,-0.0003293728946971719
2017-09-29,-0.0003653583334887682
2017-10-02,-0.0005517004301673576
2017-10-03,-0.0001638636584638795
2017-10-04,0.00032187005703014876
2017-10-05,9.312370933490415e-05
2017-10-06,0.00018866008666980976
2017-10-09,0.00023766824635911024
2017-10-10,-0.0004547655874277982
2017-10-11,-0.00023661270171347615
2017-10-12,-0.00018758842972719416
2017-10-13,-0.00021812833460802883
2017-10-16,0.00012294843288484424
2017-10-17,1.3959380025463856e-05
2017-10-18,-0.00016466231566777243
2017-10-19,-0.00034886636704787775
2017-10-20,-0.0006184657579436566
2017-10-23,-7.474900617548071e-05
2017-10-24,-0.0001939758151734162
2017-10-25,-0.0001980325289155783
2017-10-26,-0.0006039563579069941
2017-10-27,-0.00021122009550856907
2017-10-30,0.00035580340532162454
2017-10-31,-0.00025112664662804257
2017-11-01,-0.00046383484908131035
2017-11-02,-0.0005266809531508061
2017-11-03,-0.0005008737205801754
2017-11-06,0.0001147671051389686
2017-11-07,0.00020832857919917333
2017-11-08,0.00032304606330377125
2017-11-09,3.129809790006209e-05
2017-11-10,-0.00037444002953445363
2017-11-13,-0.0003557559755499104
2017-11-14,-0.0004586357347001088
2017-11-15,-7.414514526403888e-05
2017-11-16,-0.00017188917699212736
2017-11-17,-1.749128815176199e-05
2017-11-20,1.0500641012346294e-06
2017-11-21,0.00020828333354508283
2017-11-22,-0.0005033962476313955
2017-11-23,1.8613926090067018e-05
2017-11-24,-0.0002516161288146962
2017-11-27,-0.0006161021040509511
2017-11-28,-0.00034850257648212104
2017-11-29,0.00022620895450512185
2017-11-30,0.00016636426962039197
2017-12-01,9.02071477860031e-06
2017-12-04,-0.0003338563784369896
2017-12-05,0.00019642580504830983
2017-12-06,-0.0005650154417635999
2017-12-07,-0.00021499809812891804
2017-12-08,-0.00017215020854530162
2017-12-11,-0.00018751849113152284
2017-12-12,0.00022800380282357154
2017-12-13,-1.305707832488748e-05
2017-12-14,2.5626719554074854e-05
2017-12-15,-6.985759800214492e-05
2017-12-18,-0.00020054422711565585
2017-12-19,2.6574401345485187e-05
2017-12-20,-0.00015277988419046013
2017-12-21,-0.0005788136782831059
2017-12-22,-0.00028422560592405413
2017-12-25,-3.519123112589605e-05
2017-12-26,-4.254911330955491e-05
2017-12-27,-0.0001303103935026496
2017-12-28,9.066758599772836e-05
2017-12-29,-6.964494967678045e-05
2018-01-01,-1.815862683646335e-05
2018-01-02,-0.0004825216090408876
2018-01-03,-0.00028384946464006283
2018-01-04,-0.00023704822118551585
2018-01-05,-0.00024043779867962913
2018-01-08,-9.739532112171278e-05
2018-01-09,0.00024546872949705395
2018-01-10,1.3544269085832566e-07
2018-01-11,-0.00031953309199354586
2018-01-12,-0.00020622346662971112
2018-01-15,-0.0008634559645860321
2018-01-16,-0.0005553916859599361
2018-01-17,7.221329813681967e-05
2018-01-18,0.0002557855228994076
2018-01-19,0.00016983657476967853
2018-01-22,-0.00016728538660986961
2018-01-23,-0.0007165488757669861
2018-01-24,-0.0001384292830243738
2018-01-25,-3.792979229153338e-05
2018-01-26,0.0003814253054934595
2018-01-29,0.0005657630862421327
2018-01-30,0.0002571401651765522
2018-01-31,-0.00038570965038740894
2018-02-01,-0.0001000820334495942
2018-02-02,-6.2479675748569894e-06
2018-02-05,1.6402984373347994e-05
2018-02-06,0.0004066749897393512
2018-02-07,0.0004036660480695119
2018-02-08,-0.0004842775274995106
2018-02-09,0.00047785162763231564
2018-02-12,0.000327272383576531
2018-02-13,-0.0006139346510819694
2018-02-14,-0.0001166489005561061
2018-02-15,-0.0001356674517432177
2018-02-16,0.00017195767303640873
2018-02-19,0.0006621061246173039
2018-02-20,0.00010529888528994502
2018-02-21,5.41234166645523e-05
2018-02-22,-7.321741267989925e-05
2018-02-23,-0.00010238553279941188
2018-02-26,0.00013757783777920395
2018-02-27,-0.0001815927957727391
2018-02-28,-0.00010982830330765557
2018-03-01,0.0003469730907535931
2018-03-02,-0.0004815244347805448
2018-03-05,-0.00030221227854987387
2018-03-06,-5.495481368914721e-05
2018-03-07,-0.0005031143850005165
2018-03-08,-0.00038732390229349786
2018-03-09,-0.00038973298186302345
2018-03-12,5.068087902770784e-05
2018-03-13,0.00021399353192778903
2018-03-14,-0.0002699877126364488
2018-03-15,-0.00020494907537791035
2018-03-16,-0.0003071659900329163
2018-03-19,-0.0005231694023261126
2018-03-20,-0.00021338733656085993
2018-03-21,-0.00022147225914641967
2018-03-22,0.0001227830722637767
2018-03-23,-6.567394151926748e-05
2018-03-26,-5.1081376715107935e-05
2018-03-27,-0.0007157591414659657
2018-03-28,-0.0006496146693177792
2018-03-29,-8.798673687945465e-05
2018-03-30,-0.000304031101341999
2018-04-02,3.14920881613783e-05
2018-04-03,0.0001309656956776836
2018-04-04,-0.00026685982376081134
2018-04-05,-0.00037738342723553294
2018-04-06,-0.0004920120966521584
2018-04-09,3.894132967320983e-06
2018-04-10,6.92122750902411e-05
2018-04-11,-0.0003612374804174041
2018-04-12,-0.0003886886264647791
2018-04-13,-0.00034903640653808444
2018-04-16,-0.00027234365826063754
2018-04-17,-0.00022599693400222862
2018-04-18,-0.0003133987994576777
2018-04-19,-0.0006738583580789517
2018-04-20,-0.00037814075642319725
2018-04-23,-0.0002678317639783827
2018-04-24,-0.00010502128153782235
2018-04-25,-6.38054235248405e-05
2018-04-26,-0.0005396626258545568
2018-04-27,-0.00027876163454372977
2018-04-30,-0.0004842939182896156
2018-05-01,-0.0003097727391811578
2018-05-02,0.00012308141602056062
2018-05-03,-4.897880120171445e-06
2018-05-04,-0.00012804154030657998
2018-05-07,-0.000346041471811863
2018-05-08,-0.00031014463472495574
2018-05-09,8.559379589880539e-05
2018-05-10,0.00011612366074142522
2018-05-11,-0.0005132149222535001
2018-05-14,-0.0004326601660454282
2018-05-15,-0.00011713866953160164
2018-05-16,0.00016164786504862573
2018-05-17,0.0005848777339220376
2018-05-18,-1.7030790240344903e-05
2018-05-21,5.670978879705514e-05
2018-05-22,0.00020099835168792762
2018-05-23,-0.00031997957637393287
2018-05-24,0.0005665932331772631
2018-05-25,0.00048461839413904977
2018-05-28,0.00022258066149492923
2018-05-29,0.0004922386304506256
2018-05-30,0.0004455238135853271
2018-05-31,0.0004343158308487596
2018-06-01,-0.0006363842015451905
2018-06-04,9.06211297326072e-05
2018-06-05,4.965244671380609e-05
2018-06-06,8.692883861689521e-05
2018-06-07,0.0004716869344878386
2018-06-08,-8.418141937549685e-05
2018-06-11,0.0005700018019774081
2018-06-12,-0.00016824578193038746
2018-06-13,-0.0003494075257942209
2018-06-14,0.00032622115427748854
2018-06-15,-0.0001251939421449794
2018-06-18,0.0004997830182911104
2018-06-19,-0.0003425973361930617
2018-06-20,-6.661997383021545e-05
2018-06-21,0.00034258882709390823
2018-06-22,-0.00029382882986508176
2018-06-25,0.00032410487420077316
2018-06-26,-0.00013233330053449588
2018-06-27,-0.00022808679391011385
2018-06-28,0.0003162620330919035
2018-06-29,-0.00012659575874864745
2018-07-02,-6.52448564327224e-05
2018-07-03,-0.00015063111442288211
2018-07-04,-0.00015415857113126524
2018-07-05,-5.157559203463681e-05
2018-07-06,-0.0002940175032410558
2018-07-09,-0.0003251056965900326
2018-07-10,-0.0001354482403964518
2018-07-11,-0.00021231606676200726
2018-07-12,1.2048415071763439e-05
2018-07-13,-0.00029028946228282785
2018-07-16,-0.0006892533085687766
2018-07-17,-0.00013172454870180426
2018-07-18,-4.2244111803038376e-05
2018-07-19,-0.00015440296090521774
2018-07-20,6.507569436866228e-05
2018-07-23,-0.0003157407059834669
2018-07-24,-8.887408868857042e-05
2018-07-25,-4.0451537734639134e-05
2018-07-26,-0.0002669313764636882
2018-07-27,4.1878738685836594e-05
2018-07-30,0.0002729605669043976
2018-07-31,-0.00030685990856674927
2018-08-01,-3.3291635949167666e-05
2018-08-02,-0.00018830723996399358
2018-08-03,4.372443489472907e-05
2018-08-06,0.0003418633158541161
2018-08-07,2.7111567540150637e-05
2018-08-08,-0.00030303417647053256
2018-08-09,-0.00014257363510135118
2018-08-10,0.00015477874455275368
2018-08-13,0.0008242038744352006
2018-08-14,0.0006692150144630463
2018-08-15,-5.76730608809536e-06
2018-08-16,0.0001290049603247294
2018-08-17,-0.0004356557215712587
2018-08-20,-0.0006606913330938761
2018-08-21,0.0002032252455502991
2018-08-22,0.0006044863237032116
2018-08-23,0.0005112661688000061
2018-08-24,0.0004559527704200966
2018-08-27,-0.00022460124460949742
2018-08-28,-0.00044181277465688614
2018-08-29,-6.664857444127077e-05
2018-08-30,0.00014417946872593925
2018-08-31,0.0004994091546339268
2018-09-03,0.0006207542290514651
2018-09-04,7.591545778500068e-05
2018-09-05,-0.00040057501473290356
2018-09-06,-0.0003576225842820382
2018-09-07,0.00012749270376704756
2018-09-10,0.0008393608691280131
2018-09-11,-1.773479527582106e-05
2018-09-12,-0.0005732422635402233
2018-09-13,0.0001595873513135509
2018-09-14,-0.00016110469661011448
2018-09-17,-4.38245329443129e-05
2018-09-18,0.0006675338323514479
2018-09-19,1.9694426953885615e-05
2018-09-20,-0.00020946015318867284
2018-09-21,-0.00043568347842513064
2018-09-24,2.4025594050432422e-05
2018-09-25,0.0003063589121164185
2018-09-26,-0.00048410461134548255
2018-09-27,4.800079874839026e-05
2018-09-28,4.752327866333338e-05
2018-10-01,-0.0004947169636488601
2018-10-02,-0.00010777870677642823
2018-10-03,1.687336039994924e-05
2018-10-04,4.19133366457146e-05
2018-10-05,-0.00038166414982049974
2018-10-08,-0.0005575981653642707
2018-10-09,-5.871472457166795e-06
2018-10-10,-1.742885413414067e-05
2018-10-11,-0.0001780964063758156
2018-10-12,-0.0002576015969593545
2018-10-15,-0.0006308876833298608
2018-10-16,5.859396312121784e-05
2018-10-17,-0.00028568288182347486
2018-10-18,-0.00036292356191691206
2018-10-19,0.0002972787682667423
2018-10-22,-0.00020365067793889433
2018-10-23,-0.0005640968141815494
2018-10-24,0.0002238321114776303
2018-10-25,-0.0001127089159343703
2018-10-26,0.000263515775773062
2018-10-29,-0.0001640836263948019
2018-10-30,-0.0002783806556782473
2018-10-31,-0.0001578762187246521
2018-11-01,-3.254971154503512e-05
2018-11-02,-1.0034159912594531e-05
2018-11-05,0.00013165094538994564
2018-11-06,-6.937137079429603e-05
2018-11-07,-0.00023711902446648411
2018-11-08,-0.00015410864144854057
2018-11-09,-2.0460751431557278e-05
2018-11-12,5.57644883046346e-05
2018-11-13,0.0003432533750404113
2018-11-14,-5.0227478295618144e-05
2018-11-15,-0.0005805426637756404
2018-11-16,-0.00023383058253747627
2018-11-19,-0.0002834716282399834
2018-11-20,0.0001742142869360992
2018-11-21,0.0005358323789241619
2018-11-22,0.00034669259965538015
2018-11-23,-0.0002655668322317598
2018-11-26,-0.0002591558263806229
2018-11-27,-0.00011135776344884414
2018-11-28,7.1555535577496645e-06
2018-11-29,0.0002278952922480659
2018-11-30,-0.00015958527303002847
2018-12-03,-0.0002500668258096321
2018-12-04,0.00022320125136162722
2018-12-05,-0.00012211290622046435
2018-12-06,0.0001827915535760309
2018-12-07,0.0001809186203559819
2018-12-10,-1.2045282341495331e-05
2018-12-11,0.00014464123594698367
2018-12-12,4.277794376155198e-05
2018-12-13,-0.00033765485380612156
2018-12-14,-0.0002698046132987624
2018-12-17,4.104237985277375e-06
2018-12-18,0.00017663776018059132
2018-12-19,2.3626607848202396e-05
2018-12-20,-0.00015838495343578943
2018-12-21,-0.00019405045041061636
2018-12-24,4.536357070239892e-05
2018-12-25,-8.673052228114327e-05
2018-12-26,0.0001568050063150295
2018-12-27,-0.00014242354752288798
2018-12-28,-0.00041305452360383503
2018-12-31,3.390024361108904e-05
2019-01-01,-0.00018838048163176546
2019-01-02,-0.0003462747472313028
2019-01-03,0.0007473146249227073
2019-01-04,5.1984337101678056e-05
2019-01-07,-0.0006312879929395619
2019-01-08,-9.684208471937746e-05
2019-01-09,-0.00014221334032737612
2019-01-10,0.00011546424306428185
2019-01-11,-0.00013365141396854305
2019-01-14,-0.0003444538550407611
2019-01-15,0.0006658456826631473
2019-01-16,-5.684391941820143e-05
2019-01-17,-0.0004287583339892744
2019-01-18,-0.00011473416523498607
2019-01-21,-0.0003568166038600917
2019-01-22,-2.007672431572896e-05
2019-01-23,-0.0001608409146652758
2019-01-24,0.0001245707355321106
2019-01-25,0.0003719773804926271
2019-01-28,-8.475708884094251e-05
2019-01-29,-0.0007474111953031912
2019-01-30,-0.00035635311800448304
2019-01-31,-0.0005427895529720704
2019-02-01,-0.0001367768391300647
2019-02-04,0.0002850534769363002
2019-02-05,-0.00019197695537082608
2019-02-06,-0.00010424947478528205
2019-02-07,-2.258135821937707e-05
2019-02-08,-0.0002532061956261303
2019-02-11,0.00023594194338713857
2019-02-12,4.3254681081849416e-05
2019-02-13,-0.0005514397971507041
2019-02-14,-0.0005424395459968496
2019-02-15,0.00014283309907924376
2019-02-18,5.4124474507970736e-05
2019-02-19,1.9952343202272104e-05
2019-02-20,3.8006160611209684e-05
2019-02-21,1.3328587481563639e-05
2019-02-22,-3.03601266376562e-05
2019-02-25,-0.00014379435886036592
2019-02-26,-4.8580383063366935e-05
2019-02-27,-0.00011566236253536644
2019-02-28,-0.00023924467183834762
2019-03-01,7.257582915726152e-05
2019-03-04,0.00013303001238228752
2019-03-05,-7.970626294880821e-05
2019-03-06,-5.842885173585783e-06
2019-03-07,-0.00045085971787636443
2019-03-08,-7.948031444175173e-05
2019-03-11,0.0001727036168760116
2019-03-12,-0.00028162595891895534
2019-03-13,-0.0002800978245724839
2019-03-14,2.6696671201790433e-05
2019-03-15,-0.00010230455833179497
2019-03-18,0.00013832948539934742
2019-03-19,-7.464549890431256e-05
2019-03-20,-3.5556404147515384e-05
2019-03-21,4.182003596189123e-05
2019-03-22,-1.6584499885472597e-05
2019-03-25,0.000289164107029416
2019-03-26,0.0002961237458074756
2019-03-27,-0.00012748092018895175
2019-03-28,6.805374397619972e-05
2019-03-29,-2.0300656101322152e-05
2019-04-01,0.00014484116430924838
2019-04-02,4.906543340900424e-05
2019-04-03,-5.0302299102702947e-05
2019-04-04,0.00017371720094653585
2019-04-05,-0.00019191732048015963
2019-04-08,-3.4420013913791376e-05
2019-04-09,8.33066623541737e-05
2019-04-10,-0.0002502200291958428
2019-04-11,-0.00015330278381507268
2019-04-12,-0.0003153645556358777
2019-04-15,-9.659958619522168e-05
2019-04-16,-0.00026514645008114365
2019-04-17,-0.00028338437570819017
2019-04-18,-0.00029319151937918776
2019-04-19,-0.00040416067458860994
2019-04-22,-5.827050775594858e-05
2019-04-23,-0.00029724055589501816
2019-04-24,-0.00046941693890830907
2019-04-25,-7.562671187003789e-05
2019-04-26,0.00012279445278613515
2019-04-29,-0.0002143696375742555
2019-04-30,-0.0004975051408930866
2019-05-01,-0.0006237056952665212
2019-05-02,-0.00019357423020136642
2019-05-03,0.00016644515078815118
2019-05-06,2.5369424471759327e-05
2019-05-07,7.6808458555232e-05
2019-05-08,-0.00024912162521382113
2019-05-09,-0.00044410990640439814
2019-05-10,-0.00019151877366779975
2019-05-13,0.0002095534667475013
2019-05-14,0.000409383690991337
2019-05-15,0.00026657321308375207
2019-05-16,-0.0003510480846254306
2019-05-17,-0.00016200381324135455
2019-05-20,-9.287300874230617e-05
2019-05-21,0.0001212864314493304
2019-05-22,0.00028412108279283083
2019-05-23,5.377684264266672e-05
2019-05-24,0.0003289956011470944
2019-05-27,0.00016113468888550727
2019-05-28,-0.0003459808073819349
2019-05-29,-6.039921734898148e-05
2019-05-30,-6.553101023883817e-05
2019-05-31,0.00019586212571014421
2019-06-03,0.0003125876261448316
2019-06-04,0.00023470056507428016
2019-06-05,5.4548588858714963e-05
2019-06-06,-0.00014753434000592297
2019-06-07,-0.0001499702588979987
2019-06-10,-0.00015686019554719921
2019-06-11,-4.026235095437906e-05
2019-06-12,0.0001239194674279331
2019-06-13,-0.0002403505565710956
2019-06-14,0.0001702932835850233
2019-06-17,6.642889239931029e-05
2019-06-18,-0.00018818673527931702
2019-06-19,-8.925286109336787e-05
2019-06-20,-4.4074456320159886e-05
2019-06-21,0.00037283653228169
2019-06-24,0.00027476705418381285
2019-06-25,-0.0003490310625580116
2019-06-26,0.00014500258851390547
2019-06-27,-0.00027271308362800356
2019-06-28,-0.0002341268754819444
2019-07-01,0.0002541852113168828
2019-07-02,1.73132059284664e-05
2019-07-03,0.00019903192452597662
2019-07-04,0.00021811414345341128
2019-07-05,-0.000189495043443924
2019-07-08,7.178605495956613e-05
2019-07-09,-0.0003293813306073392
2019-07-10,-0.00020423512801009893
2019-07-11,0.00019385974637418585
2019-07-12,-0.00011195710941592569
2019-07-15,-1.1037361514889506e-05
2019-07-16,0.00038277549486743427
2019-07-17,-0.00011713927361520389
2019-07-18,-0.00011658259174925408
2019-07-19,-0.00013203389886206577
2019-07-22,9.981295666471964e-05
2019-07-23,0.00033402381951821503
2019-07-24,6.678103242230274e-05
2019-07-25,0.00016030364991630595
2019-07-26,-0.0001411179412512372
2019-07-29,-0.000720899700943014
2019-07-30,5.046710033376928e-05
2019-07-31,0.0001496600784305546
2019-08-01,0.0002556302795954139
2019-08-02,0.0005655976369434095
2019-08-05,0.00026239875369293993
2019-08-06,0.00019863471231188964
2019-08-07,-0.0003465227439313285
2019-08-08,-0.00033793092513946136
2019-08-09,0.0003210043021056381
2019-08-12,0.00033565447751084094
2019-08-13,0.00029796574316715376
2019-08-14,0.0001939433498803471
2019-08-15,-8.273938374902391e-05
2019-08-16,0.00042952010819472544
2019-08-19,-0.00023399302344902646
2019-08-20,-0.0001788990076830731
2019-08-21,0.00012870128972422874
2019-08-22,5.695192990785523e-05
2019-08-23,-0.00021625986737985122
2019-08-26,0.00023154880035249883
2019-08-27,0.0003717009333917064
2019-08-28,-0.0001800873935597758
2019-08-29,-0.00018645924781767912
2019-08-30,-0.0001564871580167321
2019-09-02,-0.00015115959301751023
2019-09-03,0.00039440586876131556
2019-09-04,0.00010865646018146836
2019-09-05,0.00027363445058497247
2019-09-06,-0.00019100266209415577
2019-09-09,-0.0007696819340249406
2019-09-10,-0.00023610299893976578
2019-09-11,-0.0003836366489641277
2019-09-12,0.00024748582651933846
2019-09-13,0.0003002214506873211
2019-09-16,-0.00013977359439368566
2019-09-17,0.0001445119744656351
2019-09-18,-0.0005034294206190583
2019-09-19,-0.0007687004415680843
2019-09-20,9.118935879362254e-05
2019-09-23,0.00018790161516246746
2019-09-24,0.0004085020292375428
2019-09-25,0.00031213300233124905
2019-09-26,-7.18821520668714e-05
2019-09-27,-0.0001357648757439227
2019-09-30,-0.00011927443749239402
2019-10-01,-0.00010569581115715658
2019-10-02,8.772935634810653e-05
2019-10-03,0.00012217911190525867
2019-10-04,-0.00046754938442467183
2019-10-07,3.539774849565748e-06
2019-10-08,0.0003039180442478571
2019-10-09,-1.4390268043988873e-05
2019-10-10,0.00015343812436911905
2019-10-11,-0.0006081735791288298
2019-10-14,-0.0007449760999307406
2019-10-15,-0.00018058912708244183
2019-10-16,6.344514062379669e-06
2019-10-17,0.00019242344920809132
2019-10-18,0.00031399936706078533
2019-10-21,4.634998702195573e-05
2019-10-22,-0.00027517793292802914
2019-10-23,-0.00044850040404698473
2019-10-24,-0.000350849149471016
2019-10-25,-0.00010928674774800072
2019-10-28,9.257018706320976e-05
2019-10-29,-0.00013044872037398374
2019-10-30,-0.0001631947604803611
2019-10-31,-5.5977300872980694e-05
2019-11-01,-1.921515207683312e-05
2019-11-04,-2.8783395827432435e-05
2019-11-05,-0.00016016544647097787
2019-11-06,-9.067052323251309e-05
2019-11-07,-9.238979360811497e-05
2019-11-08,-0.00014299079020127915
2019-11-11,-8.784671077060996e-05
2019-11-12,0.00010328799457139425
2019-11-13,0.00027990882331611563
2019-11-14,0.00016231034980537614
2019-11-15,5.136358665826119e-05
2019-11-18,-0.00030668117579867157
2019-11-19,-0.0004727423720379137
2019-11-20,-0.00018914072620283403
2019-11-21,3.2064462699181256e-06
2019-11-22,0.00020004175671857753
2019-11-25,0.0001261036099993516
2019-11-26,1.7890723768672978e-05
2019-11-27,1.3281362758781452e-05
2019-11-28,-0.0003836556419849286
2019-11-29,-0.00013146740628894137
2019-12-02,-0.00022327270546266138
2019-12-03,-0.00018387666870990779
2019-12-04,0.00036887896598080153
2019-12-05,5.608218866716417e-05
2019-12-06,-0.00026554448409002874
2019-12-09,-0.00012023038802005044
2019-12-10,-7.339523903665092e-05
2019-12-11,0.00015701624666663805
2019-12-12,-3.573054386145826e-05
2019-12-13,-0.0004144676731956288
2019-12-16,-0.0003022957232203386
2019-12-17,0.0004422083126633002
2019-12-18,-0.0001660929026502371
2019-12-19,0.00018705510987734425
2019-12-20,0.00031945236834781754
2019-12-23,-0.00011982103239752095
2019-12-24,-8.991535920331692e-05
2019-12-25,1.8851598345154083e-05
2019-12-26,0.00025649164025474556
2019-12-27,0.00024504446261290093
2019-12-30,-0.0001822799558706872
2019-12-31,0.00028494588496892035
2020-01-01,0.0001591225839175174
2020-01-02,-0.00018195052841421633
2020-01-03,0.00011588983550308386
2020-01-06,-1.8767058955557591e-06
2020-01-07,2.008440958102195e-05
2020-01-08,8.63323844588823e-05
2020-01-09,0.0001950459432035329
2020-01-10,6.021481112968388e-06
2020-01-13,-3.853828740865796e-06
2020-01-14,-0.00012849257687081857
2020-01-15,0.0002121079721581271
2020-01-16,0.0003679512048252058
2020-01-17,9.619723286247017e-06
2020-01-20,-4.345189116706323e-05
2020-01-21,-1.9549449566125648e-05
2020-01-22,-0.00012441482019298676
2020-01-23,0.00017978528491702572
2020-01-24,0.00019025993289778002
2020-01-27,0.00029572516202752604
2020-01-28,0.0002650711163089096
2020-01-29,-0.00022564637493871267
2020-01-30,-0.00034203665038530116
2020-01-31,0.00013206732513366455
2020-02-03,0.000196791212873076
2020-02-04,7.275412223386271e-05
2020-02-05,-1.558447093284284e-05
2020-02-06,-0.00017990511871791726
2020-02-07,1.1783343232511839e-05
2020-02-10,4.470513998779876e-05
2020-02-11,0.0001478623236514635
2020-02-12,0.00034059891107537704
2020-02-13,6.213099189363116e-05
2020-02-14,6.017523681892458e-05
2020-02-17,-0.00013820263474321323
2020-02-18,-0.00028487384683079087
2020-02-19,0.0002177284842346847
2020-02-20,6.967747953148263e-05
2020-02-21,-3.416704447544706e-05
2020-02-24,0.00028895398564055593
2020-02-25,-0.0001173440468037495
2020-02-26,-0.0001293137515249014
2020-02-27,6.771525150275796e-05
2020-02-28,-0.00023889376647134674
2020-03-02,-8.04757153019612e-05
2020-03-03,-2.6531347044995027e-05
2020-03-04,-0.00020846401454200841
2020-03-05,0.0001388662438562782
2020-03-06,0.00022834794963421705
2020-03-09,0.0002925232233046504
2020-03-10,0.0001862791726023778
2020-03-11,-0.0005482614456003321
2020-03-12,-0.00026649454779087217
2020-03-13,0.00019382872095950022
2020-03-16,8.868136523799249e-05
2020-03-17,0.00022528701535074892
2020-03-18,7.078182356407583e-05
2020-03-19,4.339422316678247e-05
2020-03-20,-2.006922436102236e-05
2020-03-23,0.00029030697807563106
2020-03-24,-0.00011406919297324525
2020-03-25,-0.00031870314167980356
2020-03-26,-0.00031524447536065953
2020-03-27,-0.00026897632257987653
2020-03-30,0.0002923908541507867
2020-03-31,0.0004652001231937298
2020-04-01,-6.471401476789051e-05
2020-04-02,6.00553279748596e-05
2020-04-03,-9.822157614601315e-05
2020-04-06,-7.880999161370416e-05
2020-04-07,4.390209514116237e-05
2020-04-08,2.5534812782545782e-05
2020-04-09,0.00013081058210635962
2020-04-10,4.550116647712033e-05
2020-04-13,-0.00012279462052593268
2020-04-14,0.00010070959361972057
2020-04-15,0.0001074259461245468
2020-04-16,0.00010348329959784957
2020-04-17,7.548174392502804e-05
2020-04-20,-9.641546194062898e-05
2020-04-21,-1.624030438800819e-05
2020-04-22,-0.00010270755629005884
2020-04-23,-7.180907312975474e-05
2020-04-24,0.0001608094772544474
2020-04-27,-0.00010040889392675709
2020-04-28,-0.000153438150375124
2020-04-29,-0.00010992923355567611
2020-04-30,-9.744834163965296e-05
2020-05-01,-0.0002886856973531218
2020-05-04,0.00018308830757558984
2020-05-05,0.0001929406704448364
2020-05-06,-6.364049630890621e-05
2020-05-07,-0.00022357326866555144
2020-05-08,-0.0001351678837920501
2020-05-11,-0.0001308561889318266
2020-05-12,0.00021070033060705744
2020-05-13,6.177094828633395e-05
2020-05-14,7.06649825069173e-05
2020-05-15,4.033998024237756e-05
2020-05-18,-7.036853083256645e-05
2020-05-19,-0.0003861180805463744
2020-05-20,-0.0006372694141209022
2020-05-21,7.413594131103005e-05
2020-05-22,0.00012036303914265312
2020-05-25,-0.00023205861782039689
2020-05-26,0.0003478592562828487
2020-05-27,-0.00017089094601247353
2020-05-28,-0.0005005682029286876
2020-05-29,-0.000613591990399386
2020-06-01,-0.00022840564967761563
2020-06-02,0.0002063830515175002
2020-06-03,-0.00021442024559520322
2020-06-04,-0.0005646626305283796
2020-06-05,-0.0003289902856800014
2020-06-08,-0.0004816784867438531
2020-06-09,-0.0003151908636681353
2020-06-10,0.00040246813877083413
2020-06-11,0.00027381635620571225
2020-06-12,0.00018311710040928416
2020-06-15,-0.0001772570859180745
2020-06-16,-0.0011035709878901214
2020-06-17,-0.0003819950657447787
2020-06-18,0.0005314940096313799
2020-06-19,0.0004790318208735082
2020-06-22,0.00039725145463853444
2020-06-23,9.990799010656304e-05
2020-06-24,-0.000393626205693944
2020-06-25,-4.461510169218148e-06
2020-06-26,0.00016249059240786568
2020-06-29,0.0003726196683122858
2020-06-30,0.00010807525848765765
2020-07-01,-0.00026983167001451273
2020-07-02,0.0003227661335477194
2020-07-03,-9.770963431277925e-06
2020-07-06,8.224186427375144e-05
2020-07-07,0.00010950672496532612
2020-07-08,-6.355564828684185e-05
2020-07-09,0.00029488423264236976
2020-07-10,-9.366324212897323e-05
2020-07-13,0.00013701234230757684
2020-07-14,-7.246960581073801e-05
2020-07-15,-0.000563625289930262
2020-07-16,-0.0002764308382713387
2020-07-17,-0.0002976040605134201
2020-07-20,0.0002881759783282274
2020-07-21,0.0002808289443104672
2020-07-22,-0.00035746098504665886
2020-07-23,-6.865399450964821e-05
2020-07-24,-0.00026447878037309596
2020-07-27,-6.424042163154773e-05
2020-07-28,-0.00036405490148564253
2020-07-29,-0.0005569437956638156
2020-07-30,0.0005753064880393943
2020-07-31,-0.0002412523675702426
2020-08-03,-0.0004124789038530016
2020-08-04,0.00017724029478629754
2020-08-05,-0.0003613373612613094
2020-08-06,8.42632242231465e-05
2020-08-07,-0.00011999548663591061
2020-08-10,-0.00014516013582821117
2020-08-11,0.000659256822420144
2020-08-12,-0.0003238300938117014
2020-08-13,-0.00026257917225773985
2020-08-14,0.0001559515047825885
2020-08-17,-0.00019815271575090057
2020-08-18,-1.5963780182409995e-05
2020-08-19,6.704641716578666e-05
2020-08-20,-0.0002545748278643828
2020-08-21,-4.7284689670438634e-05
2020-08-24,0.00041077191761607057
2020-08-25,-0.00011770256261094041
2020-08-26,-5.1428925512621846e-05
2020-08-27,-5.4605741574903335e-05
2020-08-28,-0.00014925205952490307
2020-08-31,-2.1621192149155008e-05
2020-09-01,-0.00019187233434631268
2020-09-02,-0.000154304344448138
2020-09-03,4.918335191670696e-05
2020-09-04,0.0003247524259399869
2020-09-07,-5.251810615352629e-05
2020-09-08,-0.0004809619534928875
2020-09-09,-0.00015223660110611902
2020-09-10,0.00010143719012682837
2020-09-11,9.087280509181663e-05
2020-09-14,1.0916742692078974e-05
2020-09-15,-9.237458326146927e-05
2020-09-16,-9.99616812878007e-06
2020-09-17,9.33367763344546e-05
2020-09-18,-1.901786519907073e-05
2020-09-21,-0.00012037866719057913
2020-09-22,-2.7411226121576886e-05
2020-09-23,0.00011675771635741696
2020-09-24,-0.0001386569485271917
2020-09-25,-0.0001923248173552093
2020-09-28,-0.00030554185993563897
2020-09-29,0.00017216498110615504
2020-09-30,-1.3343169466546516e-05
2020-10-01,-0.0001802969776549152
2020-10-02,3.667584171076968e-05
2020-10-05,8.483859104556543e-05
2020-10-06,-9.780332697859918e-06
2020-10-07,-0.0002814386243877328
2020-10-08,-3.23954253181236e-05
2020-10-09,-0.0001263122451488426
2020-10-12,-2.4488173648610207e-05
2020-10-13,0.00028569660463674757
2020-10-14,9.802323512264004e-06
2020-10-15,-5.809293771746937e-05
2020-10-16,0.00015349531114879704
2020-10-19,-0.00010520931371425342
2020-10-20,-9.59857084525621e-05
2020-10-21,-2.096892327830401e-05
2020-10-22,-4.4671663339388985e-05
2020-10-23,7.38839165510909e-05
2020-10-26,0.00016661861975033292
2020-10-27,-1.7503321832316498e-05
2020-10-28,4.8927450068296706e-05
2020-10-29,7.713994099858679e-05
2020-10-30,-3.837062554813234e-05
2020-11-02,3.426798241134766e-05
2020-11-03,-4.6432836529169094e-05
2020-11-04,-0.00023485587699929712
2020-11-05,-3.0622215583793275e-05
2020-11-06,0.0001363532527153495
2020-11-09,-9.962189546728553e-07
2020-11-10,-0.0003523815835305481
2020-11-11,-0.0007882566996203803
2020-11-12,-7.955107166744559e-05
2020-11-13,0.0001129409826272354
2020-11-16,-0.00011623104396630222
2020-11-17,4.8487406278241516e-05
2020-11-18,-0.0001605932445698755
2020-11-19,-0.00010198772129821038
2020-11-20,-0.0001420462725251955
2020-11-23,-0.0002061139865735587
2020-11-24,0.00014229201239786632
2020-11-25,-0.00019145023750677747
2020-11-26,-0.00032533546776265066
2020-11-27,0.00012615979541696754
2020-11-30,-4.8426265254708626e-05
2020-12-01,-0.0003511948055677894
2020-12-02,-0.00024272961060698163
2020-12-03,-0.00019411650675705834
2020-12-04,0.00010679407560541147
2020-12-07,8.230949239232047e-05
2020-12-08,2.4206524901312758e-05
2020-12-09,0.0002111967486681088
2020-12-10,5.882495047166344e-05
2020-12-11,-0.00016972966601330064
2020-12-14,-0.0002603603479152217
2020-12-15,-0.00014746419423833677
2020-12-16,0.00018186836377658916
2020-12-17,1.8832523375014353e-05
2020-12-18,-0.00033315862926751685
2020-12-21,-0.00017382158336865116
2020-12-22,0.00017827232008293443
2020-12-23,-0.0002297402011320297
2020-12-24,2.8255137481496248e-06
2020-12-25,-0.00014283577604473228
2020-12-28,-0.00027393376544448066
2020-12-29,-0.00013290365324714648
2020-12-30,-3.684901916460455e-05
2020-12-31,0.00039412327380421077
2021-01-01,0.0005141661525516018
2021-01-04,-0.0007430831798962291
2021-01-05,-0.0003651746934149306
2021-01-06,-5.122503069300349e-05
2021-01-07,-0.00019415036154183087
2021-01-08,-5.2038214338590556e-05
2021-01-11,0.00019148858111195572
2021-01-12,0.0004059435707569299
2021-01-13,-2.456714788370693e-05
2021-01-14,-0.00022159493531999808
2021-01-15,0.00014089068536749937
2021-01-18,-3.640001638451205e-05
2021-01-19,0.00011927012194411
2021-01-20,-9.144278714901042e-05
2021-01-21,-7.686237167434067e-05
2021-01-22,0.00021988700527527538
2021-01-25,-3.663904734813216e-05
2021-01-26,6.380719924879403e-05
2021-01-27,7.695231903933281e-05
2021-01-28,-1.3126850172287248e-05
2021-01-29,0.00011010047193669814
2021-02-01,-0.0003170193182540131
2021-02-02,-0.0003774288171249702
2021-02-03,-4.6003268961578297e-05
2021-02-04,1.9181493154499115e-05
2021-02-05,-7.479691065636391e-05
2021-02-08,-4.400216908891344e-05
2021-02-09,-0.00014222110923253872
2021-02-10,-3.772366195038648e-05
2021-02-11,1.6117335182141884e-05
2021-02-12,-2.0219101200122542e-05
2021-02-15,-0.00020258947313088355
2021-02-16,-0.00017171572746725895
2021-02-17,-8.59246206011147e-05
2021-02-18,-0.00017405527604301524
2021-02-19,-0.00017717511979117517
2021-02-22,-0.00016074019092682525
2021-02-23,-0.0003256813339098745
2021-02-24,-0.0004418782302996627
2021-02-25,-0.0008296395691523683
2021-02-26,-0.00010966465629763889
2021-03-01,0.0003031167324007099
2021-03-02,-0.00013861495861428082
2021-03-03,-0.0007139473854187944
2021-03-04,-0.0006256804079285888
2021-03-05,-0.0006157527764697399
2021-03-08,-0.00031869164260654986
2021-03-09,0.00018546952854155328
2021-03-10,0.00017877967678756314
2021-03-11,5.5195013029092104e-05
2021-03-12,-0.0006539450159473654
2021-03-15,-0.000513471842708323
2021-03-16,-0.00022894314421062083
2021-03-17,0.000283448632903296
2021-03-18,0.00018751305913840806
2021-03-19,-0.0004290475095268355
2021-03-22,-0.00015929758242858968
2021-03-23,-3.825589612893104e-05
2021-03-24,-0.00011039726517854277
2021-03-25,-0.00011008180885990148
2021-03-26,7.04272232013499e-05
2021-03-29,-1.4750059803712742e-05
2021-03-30,-0.00010832485560730697
2021-03-31,0.00012861026892832736
2021-04-01,-2.205399918697549e-05
2021-04-02,-0.00031174765820702027
2021-04-05,-0.0001699916297948952
2021-04-06,-2.38456674989466e-05
2021-04-07,0.0002267202169813694
2021-04-08,4.430070415070382e-05
2021-04-09,0.00016274151287996803
2021-04-12,6.697122848219198e-05
2021-04-13,-0.00011079027974382545
2021-04-14,-7.498173486681911e-05
2021-04-15,-0.0003293785235587858
2021-04-16,-0.0002635866130077843
2021-04-19,0.00029789495835061625
2021-04-20,6.613310263739487e-05
2021-04-21,-2.304388508145905e-05
2021-04-22,-5.243162521068807e-05
2021-04-23,-0.00021993428975058824
2021-04-26,-4.5170876634213127e-05
2021-04-27,-0.0003175351267534633
2021-04-28,-3.635611890586529e-06
2021-04-29,0.00015835323974952917
2021-04-30,5.8353826677859524e-05
2021-05-03,9.782214466217899e-05
2021-05-04,6.253343680229729e-05
2021-05-05,-0.00021562197753836936
2021-05-06,3.149305452333453e-05
2021-05-07,-4.3138650577670924e-05
2021-05-10,4.78478051478267e-05
2021-05-11,4.3499115683620206e-05
2021-05-12,4.926320393137797e-05
2021-05-13,-0.00035466095629084916
2021-05-14,0.00013641030762257545
2021-05-17,0.00013326378545947697
2021-05-18,-0.00023480317214065864
2021-05-19,-0.00013918630043584918
2021-05-20,-7.602883780605138e-05
2021-05-21,-0.00025047130573603745
2021-05-24,0.00039443002297826407
2021-05-25,6.842711758910085e-05
2021-05-26,-0.00027580887490299543
2021-05-27,-2.673229331995114e-05
2021-05-28,-4.826021594376093e-05
2021-05-31,-0.0001373539611846032
2021-06-01,-0.00017156168077269178
2021-06-02,-3.0096152997713394e-05
2021-06-03,0.00027963301138497754
2021-06-04,-0.00012448244421129744
2021-06-07,-8.081325526867392e-06
2021-06-08,8.332378040801484e-05
2021-06-09,-5.019281722424911e-05
2021-06-10,8.030589224167594e-05
2021-06-11,-4.141246560170655e-05
2021-06-14,0.00017277905297649414
2021-06-15,3.19937742994266e-05
2021-06-16,-0.000323032976864161
2021-06-17,9.457880819828919e-05
2021-06-18,-0.00011376218882528257
2021-06-21,-0.00027116828355923123
2021-06-22,6.019924487400952e-05
2021-06-23,-7.612640428965054e-06
2021-06-24,-0.0001382866717820255
2021-06-25,2.7380184916361268e-05
2021-06-28,-0.00011916329241820388
2021-06-29,-0.00013052822841445072
2021-06-30,-0.0002829193675087337
2021-07-01,-9.364867698930012e-05
2021-07-02,-9.979671657257628e-05
2021-07-05,3.3922123024328604e-05
2021-07-06,0.0001295660701159634
2021-07-07,-0.0002072400362172943
2021-07-08,-3.803778722365428e-05
2021-07-09,0.00017836077305376504
2021-07-12,0.0002523424611873668
2021-07-13,-0.00023018332316305544
2021-07-14,-9.650676194395928e-05
2021-07-15,0.0001582619614482147
2021-07-16,-9.157862052284103e-05
2021-07-19,-7.039860349480052e-05
2021-07-20,0.000189595848350027
2021-07-21,0.00022620930395761865
2021-07-22,0.00010860022441794455
2021-07-23,0.00012076339083970786
2021-07-26,-1.9044280464749985e-05
2021-07-27,-1.8376581228976297e-05
2021-07-28,3.4880146615856146e-05
2021-07-29,1.4794924697443045e-05
2021-07-30,0.00030702393822115763
2021-08-02,0.00012010121263520376
2021-08-03,8.072696217971709e-05
2021-08-04,0.00014135402885975397
2021-08-05,2.9833070685035242e-05
2021-08-06,-1.4190659010856253e-05
2021-08-09,-2.0787882006042403e-05
2021-08-10,-0.00032584713789153357
2021-08-11,-0.0002494290330884125
2021-08-12,3.341782696330976e-05
2021-08-13,4.984252147775902e-05
2021-08-16,3.618502465345908e-05
2021-08-17,0.0004003509818401262
2021-08-18,0.00019345309073760586
2021-08-19,-0.0001262029077620809
2021-08-20,-0.0004410049679462169
2021-08-23,-0.00010604864611500995
2021-08-24,0.00010413299148160631
2021-08-25,0.00016701174469386623
2021-08-26,-5.177239680998072e-06
2021-08-27,-6.812376027517169e-05
2021-08-30,-7.290141554382877e-05
2021-08-31,4.269313228945301e-06
2021-09-01,-0.0005555959372890744
2021-09-02,3.5539999487817874e-05
2021-09-03,-0.0003461926259680621
2021-09-06,-0.00023396475047943356
2021-09-07,-1.5727295056113617e-06
2021-09-08,-0.00015715708593529612
2021-09-09,-0.0001678211469323966
2021-09-10,0.00012708033112040454
2021-09-13,0.00010184607979616559
2021-09-14,-0.00034945420074564663
2021-09-15,-0.0005087595047910444
2021-09-16,6.458698920212678e-05
2021-09-17,-0.00036134748136454526
2021-09-20,-0.0003664323738753417
2021-09-21,4.286834880520367e-05
2021-09-22,0.00047698752140919843
2021-09-23,0.00028971273956558344
2021-09-24,-0.000450541808679913
2021-09-27,-0.0003846435670214419
2021-09-28,9.994094917713432e-05
2021-09-29,-0.0001593328224095202
2021-09-30,-8.803806943155127e-05
2021-10-01,0.0005129611468817404
2021-10-04,0.0004325767907808307
2021-10-05,-3.901437722523536e-06
2021-10-06,8.270679589123672e-05
2021-10-07,-0.00015870055566987798
2021-10-08,0.0002605229130565135
2021-10-11,-0.00013084283692541636
2021-10-12,6.195372997262913e-05
2021-10-13,0.0003172506423406323
2021-10-14,4.758250641395046e-05
2021-10-15,0.00022628797921436634
2021-10-18,0.0001926311152865644
2021-10-19,-4.601834458731141e-05
2021-10-20,-1.2754250699623174e-05
2021-10-21,-9.679002662813232e-05
2021-10-22,0.0003529606368286586
2021-10-25,0.00022010205750740963
2021-10-26,-9.657099943065707e-05
2021-10-27,-4.583471073864678e-05
2021-10-28,5.1130924638818264e-05
2021-10-29,8.851785874913514e-05
2021-11-01,0.0001894688636187278
2021-11-02,0.0006357449659238869
2021-11-03,4.612813390110906e-05
2021-11-04,-0.00046906279852887997
2021-11-05,0.0001014655658491322
2021-11-08,0.00023884231528614738
2021-11-09,-2.6592018895743516e-05
2021-11-10,5.438147659507782e-05
2021-11-11,0.0003488119069502316
2021-11-12,0.000270757299185791
2021-11-15,-4.142541726891472e-05
2021-11-16,0.00015491243863056538
2021-11-17,0.00023717712990797135
2021-11-18,1.5278972747600696e-05
2021-11-19,5.409090361228619e-05
2021-11-22,5.0517464039944746e-05
2021-11-23,0.0004464131640366164
2021-11-24,-0.00011809636381275849
2021-11-25,-4.351685763164241e-05
2021-11-26,0.0002534173969809505
2021-11-29,-6.386234080993497e-05
2021-11-30,0.0003943523093869815
2021-12-01,0.00018013807631991508
2021-12-02,-6.851814147271445e-05
2021-12-03,0.00017449488070241486
2021-12-06,0.00010906294862094957
2021-12-07,-4.6986280311835376e-06
2021-12-08,-0.0002455168645818915
2021-12-09,0.0001873762190721515
2021-12-10,6.21499262747633e-05
2021-12-13,8.518611965247224e-05
2021-12-14,0.00026709731278848684
2021-12-15,7.994395386275228e-05
2021-12-16,-3.61833936557847e-05
2021-12-17,-0.0002577423746290172
2021-12-20,0.00019413708281350664
2021-12-21,0.0003153432525675148
2021-12-22,-0.0002768295489332874
2021-12-23,-7.078064986782012e-05
2021-12-24,5.603514480684668e-05
2021-12-27,6.828532960676013e-05
2021-12-28,8.786569604900633e-05
2021-12-29,0.00019709847491447552
2021-12-30,0.00016797632161212402
2021-12-31,-2.8134694132646976e-05
2022-01-03,-6.720131297735888e-06
2022-01-04,-0.00028557808283785076
2022-01-05,0.0001162749288906014
2022-01-06,0.0002067599815237657
2022-01-07,-0.00044531145565986985
2022-01-10,-0.00016617822080123947
2022-01-11,-0.00034172839587610747
2022-01-12,-0.0004282433704484693
2022-01-13,0.00044921610384619526
2022-01-14,0.00026350997527202036
2022-01-17,4.475030677825225e-05
2022-01-18,1.0300159094784818e-05
2022-01-19,-0.0002030332914091499
2022-01-20,0.00013908859732630487
2022-01-21,6.185303626106006e-06
2022-01-24,0.0002020812524657916
2022-01-25,0.00033550156031705316
2022-01-26,-8.124562546135094e-05
2022-01-27,-0.00020257070637810462
2022-01-28,1.3637261852185929e-05
2022-01-31,0.00019444307265062278
2022-02-01,1.470840511170039e-06
2022-02-02,-0.00010819690359101488
2022-02-03,0.00022159716290550105
2022-02-04,-0.0005620286058135091
2022-02-07,-0.0012980917986378864
2022-02-08,-0.0002324308954095672
2022-02-09,0.0004048503732953096
2022-02-10,4.2583669954735564e-05
2022-02-11,0.0001655744298878536
2022-02-14,3.210712090024402e-05
2022-02-15,0.00032342706682320056
2022-02-16,-0.0002139908467020066
2022-02-17,-0.0007472282378794572
2022-02-18,0.00042532679836312167
2022-02-21,0.0003488568894015334
2022-02-22,0.00028119968312646424
2022-02-23,0.00029168712994774186
2022-02-24,-0.0005235238994541474
2022-02-25,0.000630359641636549
2022-02-28,-2.0840136679143915e-05
2022-03-01,6.079351331236497e-05
2022-03-02,0.001189782934239503
2022-03-03,0.00039345670095946206
2022-03-04,0.00022353521511525023
2022-03-07,0.0010901342330420455
2022-03-08,0.0007492158993818758
2022-03-09,-0.0005013830467956292
2022-03-10,-0.0008307718943221133
2022-03-11,-0.00046295568030753126
2022-03-14,0.0010898679355186422
2022-03-15,0.0008411131680728572
2022-03-16,6.510459206714105e-05
2022-03-17,0.00023028542727779856
2022-03-18,-0.00022982582149769473
2022-03-21,-0.00018915053948562364
2022-03-22,0.0007725590816552128
2022-03-23,8.778263410642741e-05
2022-03-24,0.0003347158154191931
2022-03-25,0.00021425304618206048
2022-03-28,-0.00016937483097163026
2022-03-29,4.008091189933822e-05
2022-03-30,-0.0002724675313442419
2022-03-31,-6.246919878015557e-06
2022-04-01,0.0008544205948506242
2022-04-04,0.0004330914885026845
2022-04-05,5.9968513249692535e-05
2022-04-06,0.0005813128609364821
2022-04-07,-0.0002779611302853535
2022-04-08,-0.0003977376728675812
2022-04-11,0.0001417137771564834
2022-04-12,0.00022882374009333852
2022-04-13,0.0008967242994639167
2022-04-14,0.0003317710980676735
2022-04-15,-0.0007109055396941405
2022-04-18,0.00012785706035364295
2022-04-19,0.000128844803902258
2022-04-20,-0.00016548646052462452
2022-04-21,-0.0003736114963186757
2022-04-22,-8.719694793303531e-05
2022-04-25,-8.584334070196218e-05
2022-04-26,0.0001871035983485806
2022-04-27,0.0005298284611958117
2022-04-28,0.00020831658685579294
2022-04-29,6.858159725532931e-05
2022-05-02,-0.00039124099140276186
2022-05-03,-0.0007572698543091182
2022-05-04,6.429244544807792e-05
2022-05-05,-6.277328622000835e-05
2022-05-06,2.637410134346363e-06
2022-05-09,1.0830490256580252e-05
2022-05-10,-0.0003830809659386109
2022-05-11,-0.000507362537091328
2022-05-12,9.035637577421696e-05
2022-05-13,0.0001123778185554723
2022-05-16,2.0787679587896055e-05
2022-05-17,-0.0005266834381716964
2022-05-18,-0.000702723287042419
2022-05-19,2.968418040686737e-05
2022-05-20,0.0011151683243812874
2022-05-23,0.00010871277200197934
2022-05-24,-0.0002534262838800284
2022-05-25,-0.0002049384621998312
2022-05-26,4.0746238604664685e-05
2022-05-27,0.00032451006068571266
2022-05-30,0.0003379430300637094
2022-05-31,0.00038419363388707435
2022-06-01,0.0001822457573784896
2022-06-02,0.0001609769816532619
2022-06-03,0.00016303884149945438
2022-06-06,-0.000292280855996982
2022-06-07,-0.00016117764159843194
2022-06-08,-0.00043307553885025586
2022-06-09,-0.00022948840773134104
2022-06-10,-8.294743546323425e-06
2022-06-13,0.0008231707317712153
2022-06-14,0.00036362621171031923
2022-06-15,-0.00041752400527318815
2022-06-16,-0.0006282502171595862
2022-06-17,0.0005454820435048762
2022-06-20,0.0013209598364971372
2022-06-21,-0.00010197320301520256
2022-06-22,-0.0001417041664591886
2022-06-23,9.059920732594227e-05
2022-06-24,0.00024361015350578377
2022-06-27,0.0008473560235422244
2022-06-28,0.0006164406355960758
2022-06-29,0.0009428905586878597
2022-06-30,0.0011809658164384916
2022-07-01,0.00024160052738311322
2022-07-04,-0.00030748752509864697
2022-07-05,0.00015920148456298838
2022-07-06,0.00032034360472677956
2022-07-07,0.001161102949750209
2022-07-08,0.0006625448968329158
2022-07-11,-2.7925078350973483e-05
2022-07-12,0.0003478222158683086
2022-07-13,0.0008459797024880642
2022-07-14,0.0002837482827026363
2022-07-15,0.0004371507126164433
2022-07-18,0.0002732074470329733
2022-07-19,0.00021636923223556818
2022-07-20,-0.0003531933350123122
2022-07-21,0.00037820220122552
2022-07-22,0.0006051503621823747
2022-07-25,0.0006348865633277427
2022-07-26,0.0003875424699513551
2022-07-27,-5.731566148332842e-05
2022-07-28,0.0006006071602779316
2022-07-29,-0.00021147317685950079
2022-08-01,0.00029815865040494315
2022-08-02,0.000269694749651879
2022-08-03,2.5991843919636676e-05
2022-08-04,0.0004823371288833528
2022-08-05,0.00011219921734191487
2022-08-08,0.0002698901086796249
2022-08-09,0.0006599481032186852
2022-08-10,0.0002623673178614603
2022-08-11,0.0003120463147013934
2022-08-12,0.00012480062734346483
2022-08-15,6.977954419220655e-05
2022-08-16,0.000649861503019558
2022-08-17,0.00015145551661310488
2022-08-18,-0.00039072128701384603
2022-08-19,0.0001977567110562404
2022-08-22,0.0006226561966926939
2022-08-23,0.0005148767759478657
2022-08-24,0.00047646583757640735
2022-08-25,-0.0001963143763741527
2022-08-26,0.00010052036885453897
2022-08-29,0.00014872621705723868
2022-08-30,-0.0002947932774125425
2022-08-31,-0.00028857104350573417
2022-09-01,-0.0003565849283544443
2022-09-02,-7.695423232742645e-06
2022-09-05,0.0008029622210975582
2022-09-06,0.0001231660988322821
2022-09-07,2.3908188165260427e-05
2022-09-08,-0.00021289485861515718
2022-09-09,-0.00032603186911376935
2022-09-12,0.0005287108601224311
2022-09-13,0.00023863124061893835
2022-09-14,0.0004932304438559041
2022-09-15,0.0006993486311168022
2022-09-16,-0.0004277418199214763
2022-09-19,-0.00016951881153779734
2022-09-20,-0.0002481003061857659
2022-09-21,0.00037930149256646913
2022-09-22,0.0012761021511731626
2022-09-23,0.0003939328909054455
2022-09-26,-0.000462185409284255
2022-09-27,0.0005705984232160898
2022-09-28,-0.0004806754088140496
2022-09-29,0.00044341018746004216
2022-09-30,0.0002730098572419326
2022-10-03,-0.0006127467860326353
2022-10-04,-0.00012564330328197605
2022-10-05,-0.0003394506184538438
2022-10-06,0.0003948244255775396
2022-10-07,0.0012617344832973269
2022-10-10,0.0001676006222457699
2022-10-11,8.872456008402147e-05
2022-10-12,-0.0004941982656490995
2022-10-13,-0.00019303184793461914
2022-10-14,-0.00038630078992703775
2022-10-17,-0.0005296784570439016
2022-10-18,0.000637801271202817
2022-10-19,8.991389862209009e-05
2022-10-20,2.650926904047722e-05
2022-10-21,0.00010070934256360086
2022-10-24,-0.00020965063927042113
2022-10-25,-0.00023032769637367973
2022-10-26,-0.0005885239035987466
2022-10-27,-0.0003818716703966974
2022-10-28,0.00017914822024627243
2022-10-31,0.0002740606494141934
2022-11-01,-0.0003926353428160664
2022-11-02,6.537718706342243e-05
2022-11-03,8.997206697957542e-05
2022-11-04,-0.00022941062071900383
2022-11-07,-0.0003521930673663232
2022-11-08,-0.0001214856078587699
2022-11-09,-5.1786139268841754e-05
2022-11-10,0.0002803128803167903
2022-11-11,0.0005514138175924713
2022-11-14,0.0004598241109040789
2022-11-15,0.0005540228996293346
2022-11-16,-0.0002971568035159307
2022-11-17,-0.0007894173884461292
2022-11-18,-0.0004500412075226425
2022-11-21,-3.657922127399199e-05
2022-11-22,0.0009092906084251646
2022-11-23,0.00085711615658921
2022-11-24,0.00025618508673790297
2022-11-25,0.00013227761574718795
2022-11-28,-0.00044612278837441086
2022-11-29,-5.2057383665587296e-05
2022-11-30,5.6444496502760005e-05
2022-12-01,-3.955049469804564e-06
2022-12-02,0.00047032588302388465
2022-12-05,-0.00010322538210456629
2022-12-06,-0.0001232691579305797
2022-12-07,9.214403879731508e-05
2022-12-08,0.00012928221620885194
2022-12-09,-0.00013111549641318354
2022-12-12,0.00011044812708159705
2022-12-13,6.952695206219606e-05
2022-12-14,-0.0003378267261340933
2022-12-15,-0.00010222836860632215
2022-12-16,5.0954350195688366e-05
2022-12-19,-2.4557916379068634e-05
2022-12-20,0.00011127795429166725
2022-12-21,0.00028490019195740964
2022-12-22,0.00015841759645877066
2022-12-23,-0.00010958507492382492
2022-12-26,-0.0006417032873383075
2022-12-27,-0.0002934840128151577
2022-12-28,0.0001993126883826858
2022-12-29,0.0003838573165341168
