date,y_true,y_pred,ci_lower,ci_upper
2023-01-02,0.0040572203406637,-9.630065839362087e-05,-0.010635982816239196,0.010443381499451954
2023-01-03,-0.0011445401892029,-9.630065839362087e-05,-0.010635982816239196,0.010443381499451954
2023-01-04,0.0004255749273719,-9.630065839362087e-05,-0.010635982816239196,0.010443381499451954
2023-01-05,-0.0012467390716698,-9.630065839362087e-05,-0.010635982816239196,0.010443381499451954
2023-01-06,-0.0011264580748104,-9.630065839362087e-05,-0.010635982816239196,0.010443381499451954
2023-01-09,0.0027985306844653,-9.630065839362087e-05,-0.010635982816239196,0.010443381499451954
2023-01-10,0.0008400543956391,-9.630065839362087e-05,-0.010635982816239196,0.010443381499451954
2023-01-11,0.002041540409523,-9.630065839362087e-05,-0.010635982816239196,0.010443381499451954
2023-01-12,0.0115837958942945,-9.630065839362087e-05,-0.010635982816239196,0.010443381499451954
2023-01-13,0.0049478924868474,-9.630065839362087e-05,-0.010635982816239196,0.010443381499451954
2023-01-16,-0.0039205079638503,-9.630065839362087e-05,-0.010635982816239196,0.010443381499451954
2023-01-17,-0.000698126037959,-9.630065839362087e-05,-0.010635982816239196,0.010443381499451954
2023-01-18,-0.0077016591126906,-9.630065839362087e-05,-0.010635982816239196,0.010443381499451954
2023-01-19,-0.0057674436809691,-9.630065839362087e-05,-0.010635982816239196,0.010443381499451954
2023-01-20,0.0031600896231728,-9.630065839362087e-05,-0.010635982816239196,0.010443381499451954
2023-01-23,0.0073615779214915,-9.630065839362087e-05,-0.010635982816239196,0.010443381499451954
2023-01-24,0.0026181767639575,-9.630065839362087e-05,-0.010635982816239196,0.010443381499451954
2023-01-25,0.0022131526195097,-9.630065839362087e-05,-0.010635982816239196,0.010443381499451954
2023-01-26,-0.0025125293446346,-9.630065839362087e-05,-0.010635982816239196,0.010443381499451954
2023-01-27,0.0006386254637195,-9.630065839362087e-05,-0.010635982816239196,0.010443381499451954
2023-01-30,-0.0013177908224177,-9.630065839362087e-05,-0.010635982816239196,0.010443381499451954
2023-01-31,0.0029427323272425,-9.630065839362087e-05,-0.010635982816239196,0.010443381499451954
2023-02-01,-0.008673252016743,-9.630065839362087e-05,-0.010635982816239196,0.010443381499451954
2023-02-02,0.0037606544641677,-9.630065839362087e-05,-0.010635982816239196,0.010443381499451954
2023-02-03,-0.0031078095864618,-9.630065839362087e-05,-0.010635982816239196,0.010443381499451954
2023-02-06,0.0035781284913249,-9.630065839362087e-05,-0.010635982816239196,0.010443381499451954
2023-02-07,-0.0041003702925226,-9.630065839362087e-05,-0.010635982816239196,0.010443381499451954
2023-02-08,-0.0065917031214211,-9.630065839362087e-05,-0.010635982816239196,0.010443381499451954
2023-02-09,-0.0021663728204447,-9.630065839362087e-05,-0.010635982816239196,0.010443381499451954
2023-02-10,0.0037931178712963,-9.630065839362087e-05,-0.010635982816239196,0.010443381499451954
2023-02-13,-0.0046549249789021,-9.630065839362087e-05,-0.010635982816239196,0.010443381499451954
2023-02-14,-9.12943741170109e-05,-9.630065839362087e-05,-0.010635982816239196,0.010443381499451954
2023-02-15,0.0035441370603683,-9.630065839362087e-05,-0.010635982816239196,0.010443381499451954
2023-02-16,-0.0022465447410259,-9.630065839362087e-05,-0.010635982816239196,0.010443381499451954
2023-02-17,0.0011340363408687,-9.630065839362087e-05,-0.010635982816239196,0.010443381499451954
2023-02-20,0.0002630627685825,-9.630065839362087e-05,-0.010635982816239196,0.010443381499451954
2023-02-21,-0.0023194099708554,-9.630065839362087e-05,-0.010635982816239196,0.010443381499451954
2023-02-22,0.0018032905464839,-9.630065839362087e-05,-0.010635982816239196,0.010443381499451954
2023-02-23,-0.0003543265834744,-9.630065839362087e-05,-0.010635982816239196,0.010443381499451954
2023-02-24,0.0018714658852463,-9.630065839362087e-05,-0.010635982816239196,0.010443381499451954
2023-02-27,0.0026645779075751,-9.630065839362087e-05,-0.010635982816239196,0.010443381499451954
2023-02-28,0.0005441701077861,-9.630065839362087e-05,-0.010635982816239196,0.010443381499451954
2023-03-01,0.0037004212416566,-9.630065839362087e-05,-0.010635982816239196,0.010443381499451954
2023-03-02,0.0059441984131468,-9.630065839362087e-05,-0.010635982816239196,0.010443381499451954
2023-03-03,-0.0040089452168536,-9.630065839362087e-05,-0.010635982816239196,0.010443381499451954
2023-03-06,-0.002839015939065,-9.630065839362087e-05,-0.010635982816239196,0.010443381499451954
2023-03-07,-0.0010352429216042,-9.630065839362087e-05,-0.010635982816239196,0.010443381499451954
2023-03-08,-0.0004928956959905,-9.630065839362087e-05,-0.010635982816239196,0.010443381499451954
2023-03-09,-0.0014297579643207,-9.630065839362087e-05,-0.010635982816239196,0.010443381499451954
2023-03-10,-0.0051316199729919,-9.630065839362087e-05,-0.010635982816239196,0.010443381499451954
2023-03-13,-0.0063600423441893,-9.630065839362087e-05,-0.010635982816239196,0.010443381499451954
2023-03-14,-0.002592174165343,-9.630065839362087e-05,-0.010635982816239196,0.010443381499451954
2023-03-15,0.0024698153818984,-9.630065839362087e-05,-0.010635982816239196,0.010443381499451954
2023-03-16,0.0045664452332156,-9.630065839362087e-05,-0.010635982816239196,0.010443381499451954
2023-03-17,0.0007100369065244,-9.630065839362087e-05,-0.010635982816239196,0.010443381499451954
2023-03-20,0.0034012250929319,-9.630065839362087e-05,-0.010635982816239196,0.010443381499451954
2023-03-21,0.0064365661040758,-9.630065839362087e-05,-0.010635982816239196,0.010443381499451954
2023-03-22,-0.0031879483523596,-9.630065839362087e-05,-0.010635982816239196,0.010443381499451954
2023-03-23,0.0035092121947417,-9.630065839362087e-05,-0.010635982816239196,0.010443381499451954
2023-03-24,-0.0032171123060289,-9.630065839362087e-05,-0.010635982816239196,0.010443381499451954
2023-03-27,-0.0034093583738812,-9.630065839362087e-05,-0.010635982816239196,0.010443381499451954
2023-03-28,-0.000879490389723,-9.630065839362087e-05,-0.010635982816239196,0.010443381499451954
2023-03-29,0.0087397937067933,-9.630065839362087e-05,-0.010635982816239196,0.010443381499451954
2023-03-30,-0.0018462917279527,-9.630065839362087e-05,-0.010635982816239196,0.010443381499451954
2023-03-31,0.0003313513929809,-9.630065839362087e-05,-0.010635982816239196,0.010443381499451954
2023-04-03,-0.0049116519981708,-9.630065839362087e-05,-0.010635982816239196,0.010443381499451954
2023-04-04,0.0045702434271397,-9.630065839362087e-05,-0.010635982816239196,0.010443381499451954
2023-04-05,-0.0033501127997617,-9.630065839362087e-05,-0.010635982816239196,0.010443381499451954
2023-04-06,-0.0041402740106341,-9.630065839362087e-05,-0.010635982816239196,0.010443381499451954
2023-04-07,-0.0006275888168417,-9.630065839362087e-05,-0.010635982816239196,0.010443381499451954
2023-04-10,-0.0004151900707159,-9.630065839362087e-05,-0.010635982816239196,0.010443381499451954
2023-04-11,0.0006278493577884,-9.630065839362087e-05,-0.010635982816239196,0.010443381499451954
2023-04-12,-0.0020267470410765,-9.630065839362087e-05,-0.010635982816239196,0.010443381499451954
2023-04-13,-0.0007306477716848,-9.630065839362087e-05,-0.010635982816239196,0.010443381499451954
2023-04-14,-0.0026122543064952,-9.630065839362087e-05,-0.010635982816239196,0.010443381499451954
2023-04-17,0.0003765340257653,-9.630065839362087e-05,-0.010635982816239196,0.010443381499451954
2023-04-18,-0.0012623846300988,-9.630065839362087e-05,-0.010635982816239196,0.010443381499451954
2023-04-19,0.0016997575789888,-9.630065839362087e-05,-0.010635982816239196,0.010443381499451954
2023-04-20,-0.0003153088280858,-9.630065839362087e-05,-0.010635982816239196,0.010443381499451954
2023-04-21,-0.0044451973319522,-9.630065839362087e-05,-0.010635982816239196,0.010443381499451954
2023-04-24,0.0017355458708474,-9.630065839362087e-05,-0.010635982816239196,0.010443381499451954
2023-04-25,0.0004079370837793,-9.630065839362087e-05,-0.010635982816239196,0.010443381499451954
2023-04-26,-0.0017042155073096,-9.630065839362087e-05,-0.010635982816239196,0.010443381499451954
2023-04-27,0.0049413812950929,-9.630065839362087e-05,-0.010635982816239196,0.010443381499451954
2023-04-28,0.0022131114563759,-9.630065839362087e-05,-0.010635982816239196,0.010443381499451954
2023-05-01,-0.000831868551191,-9.630065839362087e-05,-0.010635982816239196,0.010443381499451954
2023-05-02,-0.0026728018146257,-9.630065839362087e-05,-0.010635982816239196,0.010443381499451954
2023-05-03,-0.000173005332963,-9.630065839362087e-05,-0.010635982816239196,0.010443381499451954
2023-05-04,-0.0048463436805405,-9.630065839362087e-05,-0.010635982816239196,0.010443381499451954
2023-05-05,-0.0019348838999918,-9.630065839362087e-05,-0.010635982816239196,0.010443381499451954
2023-05-08,0.0060685085815086,-9.630065839362087e-05,-0.010635982816239196,0.010443381499451954
2023-05-09,-0.0033259734619983,-9.630065839362087e-05,-0.010635982816239196,0.010443381499451954
2023-05-10,-0.002578612266954,-9.630065839362087e-05,-0.010635982816239196,0.010443381499451954
2023-05-11,0.0006862420405765,-9.630065839362087e-05,-0.010635982816239196,0.010443381499451954
2023-05-12,-0.0010653696966406,-9.630065839362087e-05,-0.010635982816239196,0.010443381499451954
2023-05-15,-0.0007895622715733,-9.630065839362087e-05,-0.010635982816239196,0.010443381499451954
2023-05-16,-0.0012932848611941,-9.630065839362087e-05,-0.010635982816239196,0.010443381499451954
2023-05-17,0.0004928801021302,-9.630065839362087e-05,-0.010635982816239196,0.010443381499451954
2023-05-18,-0.0004107267488312,-9.630065839362087e-05,-0.010635982816239196,0.010443381499451954
2023-05-19,0.0012624270677558,-9.630065839362087e-05,-0.010635982816239196,0.010443381499451954
2023-05-22,-0.0029790099156771,-9.630065839362087e-05,-0.010635982816239196,0.010443381499451954
2023-05-23,-0.0010601672216384,-9.630065839362087e-05,-0.010635982816239196,0.010443381499451954
2023-05-24,-0.0002677963653653,-9.630065839362087e-05,-0.010635982816239196,0.010443381499451954
2023-05-25,0.0019347837329882,-9.630065839362087e-05,-0.010635982816239196,0.010443381499451954
2023-05-26,-0.0020893426075618,-9.630065839362087e-05,-0.010635982816239196,0.010443381499451954
2023-05-29,0.0005252922565401,-9.630065839362087e-05,-0.010635982816239196,0.010443381499451954
2023-05-30,-0.0028151548082491,-9.630065839362087e-05,-0.010635982816239196,0.010443381499451954
2023-05-31,0.0039472536767587,-9.630065839362087e-05,-0.010635982816239196,0.010443381499451954
2023-06-01,0.0008328429091388,-9.630065839362087e-05,-0.010635982816239196,0.010443381499451954
2023-06-02,0.0014070247584581,-9.630065839362087e-05,-0.010635982816239196,0.010443381499451954
2023-06-05,-0.0013145294594199,-9.630065839362087e-05,-0.010635982816239196,0.010443381499451954
2023-06-06,-0.0028094220481089,-9.630065839362087e-05,-0.010635982816239196,0.010443381499451954
2023-06-07,-4.12167947256597e-05,-9.630065839362087e-05,-0.010635982816239196,0.010443381499451954
2023-06-08,0.0035902321957403,-9.630065839362087e-05,-0.010635982816239196,0.010443381499451954
2023-06-09,-0.0048277111631477,-9.630065839362087e-05,-0.010635982816239196,0.010443381499451954
2023-06-12,0.0022366457158176,-9.630065839362087e-05,-0.010635982816239196,0.010443381499451954
2023-06-13,0.0065572409147347,-9.630065839362087e-05,-0.010635982816239196,0.010443381499451954
2023-06-14,-0.0010949778543825,-9.630065839362087e-05,-0.010635982816239196,0.010443381499451954
2023-06-15,-0.000665831827158,-9.630065839362087e-05,-0.010635982816239196,0.010443381499451954
2023-06-16,3.077992106281686e-05,-9.630065839362087e-05,-0.010635982816239196,0.010443381499451954
2023-06-19,0.0025581979577568,-9.630065839362087e-05,-0.010635982816239196,0.010443381499451954
2023-06-20,8.174365183171639e-05,-9.630065839362087e-05,-0.010635982816239196,0.010443381499451954
2023-06-21,0.0016846720107147,-9.630065839362087e-05,-0.010635982816239196,0.010443381499451954
2023-06-22,0.0006629391325381,-9.630065839362087e-05,-0.010635982816239196,0.010443381499451954
2023-06-23,-0.0003875222740088,-9.630065839362087e-05,-0.010635982816239196,0.010443381499451954
2023-06-26,-0.0036783544087367,-9.630065839362087e-05,-0.010635982816239196,0.010443381499451954
2023-06-27,0.0003070366784705,-9.630065839362087e-05,-0.010635982816239196,0.010443381499451954
2023-06-28,0.0020446070082676,-9.630065839362087e-05,-0.010635982816239196,0.010443381499451954
2023-06-29,-0.0004494489090553,-9.630065839362087e-05,-0.010635982816239196,0.010443381499451954
2023-06-30,-0.0016360868100958,-9.630065839362087e-05,-0.010635982816239196,0.010443381499451954
2023-07-03,-0.0007780250018261,-9.630065839362087e-05,-0.010635982816239196,0.010443381499451954
2023-07-04,0.0014328053576387,-9.630065839362087e-05,-0.010635982816239196,0.010443381499451954
2023-07-05,-0.0020270138061105,-9.630065839362087e-05,-0.010635982816239196,0.010443381499451954
2023-07-06,-0.0005330178853979,-9.630065839362087e-05,-0.010635982816239196,0.010443381499451954
2023-07-07,-0.0003999499428218,-9.630065839362087e-05,-0.010635982816239196,0.010443381499451954
2023-07-10,-2.0542784384570297e-05,-9.630065839362087e-05,-0.010635982816239196,0.010443381499451954
2023-07-11,-0.0008414550775108,-9.630065839362087e-05,-0.010635982816239196,0.010443381499451954
2023-07-12,-0.0064887470297731,-9.630065839362087e-05,-0.010635982816239196,0.010443381499451954
2023-07-13,-0.0024415600292407,-9.630065839362087e-05,-0.010635982816239196,0.010443381499451954
2023-07-14,-0.001274883912743,-9.630065839362087e-05,-0.010635982816239196,0.010443381499451954
2023-07-17,0.0037267909549303,-9.630065839362087e-05,-0.010635982816239196,0.010443381499451954
2023-07-18,-0.0010131601373011,-9.630065839362087e-05,-0.010635982816239196,0.010443381499451954
2023-07-19,-0.0039070785152921,-9.630065839362087e-05,-0.010635982816239196,0.010443381499451954
2023-07-20,-0.0017668051050352,-9.630065839362087e-05,-0.010635982816239196,0.010443381499451954
2023-07-21,0.0033128062351296,-9.630065839362087e-05,-0.010635982816239196,0.010443381499451954
2023-07-24,-0.0008816167417913,-9.630065839362087e-05,-0.010635982816239196,0.010443381499451954
2023-07-25,-0.0014018616804977,-9.630065839362087e-05,-0.010635982816239196,0.010443381499451954
2023-07-26,-0.0073007030183734,-9.630065839362087e-05,-0.010635982816239196,0.010443381499451954
2023-07-27,-0.0009110934299948,-9.630065839362087e-05,-0.010635982816239196,0.010443381499451954
2023-07-28,-0.0006393094825987,-9.630065839362087e-05,-0.010635982816239196,0.010443381499451954
2023-07-31,0.0052595405830041,-9.630065839362087e-05,-0.010635982816239196,0.010443381499451954
2023-08-01,-0.0003129069801826,-9.630065839362087e-05,-0.010635982816239196,0.010443381499451954
2023-08-02,0.0019905389536189,-9.630065839362087e-05,-0.010635982816239196,0.010443381499451954
2023-08-03,-0.0003956925734511,-9.630065839362087e-05,-0.010635982816239196,0.010443381499451954
2023-08-04,-0.0027848240058374,-9.630065839362087e-05,-0.010635982816239196,0.010443381499451954
2023-08-07,0.0045227182063191,-9.630065839362087e-05,-0.010635982816239196,0.010443381499451954
2023-08-08,-0.0013838428381079,-9.630065839362087e-05,-0.010635982816239196,0.010443381499451954
2023-08-09,-0.0009374791427877,-9.630065839362087e-05,-0.010635982816239196,0.010443381499451954
2023-08-10,0.0031943390671759,-9.630065839362087e-05,-0.010635982816239196,0.010443381499451954
2023-08-11,0.0003219931733199,-9.630065839362087e-05,-0.010635982816239196,0.010443381499451954
2023-08-14,-0.0036831328087498,-9.630065839362087e-05,-0.010635982816239196,0.010443381499451954
2023-08-15,-0.0017526210236808,-9.630065839362087e-05,-0.010635982816239196,0.010443381499451954
2023-08-16,0.0002087842803909,-9.630065839362087e-05,-0.010635982816239196,0.010443381499451954
2023-08-17,-0.0008668488162513,-9.630065839362087e-05,-0.010635982816239196,0.010443381499451954
2023-08-18,-0.0021233253162155,-9.630065839362087e-05,-0.010635982816239196,0.010443381499451954
2023-08-21,0.0046382567260833,-9.630065839362087e-05,-0.010635982816239196,0.010443381499451954
2023-08-22,-0.0022328507235814,-9.630065839362087e-05,-0.010635982816239196,0.010443381499451954
2023-08-23,-0.0028452480035666,-9.630065839362087e-05,-0.010635982816239196,0.010443381499451954
2023-08-24,-0.0013837107130031,-9.630065839362087e-05,-0.010635982816239196,0.010443381499451954
2023-08-25,0.002734145934826,-9.630065839362087e-05,-0.010635982816239196,0.010443381499451954
2023-08-28,-0.0006383951107732,-9.630065839362087e-05,-0.010635982816239196,0.010443381499451954
2023-08-29,0.0011612822500698,-9.630065839362087e-05,-0.010635982816239196,0.010443381499451954
2023-08-30,-0.0011612822500697,-9.630065839362087e-05,-0.010635982816239196,0.010443381499451954
2023-08-31,0.0045745177208233,-9.630065839362087e-05,-0.010635982816239196,0.010443381499451954
2023-09-01,-0.0020444767069859,-9.630065839362087e-05,-0.010635982816239196,0.010443381499451954
2023-09-04,-0.0038917730874561,-9.630065839362087e-05,-0.010635982816239196,0.010443381499451954
2023-09-05,0.0008172617416645,-9.630065839362087e-05,-0.010635982816239196,0.010443381499451954
2023-09-06,-0.0009849685365947,-9.630065839362087e-05,-0.010635982816239196,0.010443381499451954
2023-09-07,0.0021259313322602,-9.630065839362087e-05,-0.010635982816239196,0.010443381499451954
2023-09-08,-0.0009733586743341,-9.630065839362087e-05,-0.010635982816239196,0.010443381499451954
2023-09-11,0.0010361496339905,-9.630065839362087e-05,-0.010635982816239196,0.010443381499451954
2023-09-12,0.0020064850586352,-9.630065839362087e-05,-0.010635982816239196,0.010443381499451954
2023-09-13,0.0006992552044717,-9.630065839362087e-05,-0.010635982816239196,0.010443381499451954
2023-09-14,0.0003963446937609,-9.630065839362087e-05,-0.010635982816239196,0.010443381499451954
2023-09-15,-0.0060669110437171,-9.630065839362087e-05,-0.010635982816239196,0.010443381499451954
2023-09-18,0.0038536402721777,-9.630065839362087e-05,-0.010635982816239196,0.010443381499451954
2023-09-19,0.0027033396774777,-9.630065839362087e-05,-0.010635982816239196,0.010443381499451954
2023-09-20,-0.0009594203264245,-9.630065839362087e-05,-0.010635982816239196,0.010443381499451954
2023-09-21,-0.0005322893115841,-9.630065839362087e-05,-0.010635982816239196,0.010443381499451954
2023-09-22,0.006627682558825,-9.630065839362087e-05,-0.010635982816239196,0.010443381499451954
2023-09-25,0.0016267690914681,-9.630065839362087e-05,-0.010635982816239196,0.010443381499451954
2023-09-26,0.0001656781567073,-9.630065839362087e-05,-0.010635982816239196,0.010443381499451954
2023-09-27,0.0019234966131783,-9.630065839362087e-05,-0.010635982816239196,0.010443381499451954
2023-09-28,-0.0006097186304849,-9.630065839362087e-05,-0.010635982816239196,0.010443381499451954
2023-09-29,-0.0011274614162425,-9.630065839362087e-05,-0.010635982816239196,0.010443381499451954
2023-10-02,0.0008792910398129,-9.630065839362087e-05,-0.010635982816239196,0.010443381499451954
2023-10-03,-0.0052876289001479,-9.630065839362087e-05,-0.010635982816239196,0.010443381499451954
2023-10-04,0.0023155268599064,-9.630065839362087e-05,-0.010635982816239196,0.010443381499451954
2023-10-05,-0.0010688429913453,-9.630065839362087e-05,-0.010635982816239196,0.010443381499451954
2023-10-06,-0.0006335197127313,-9.630065839362087e-05,-0.010635982816239196,0.010443381499451954
2023-10-09,-0.0022361243711597,-9.630065839362087e-05,-0.010635982816239196,0.010443381499451954
2023-10-10,-0.0032434458460777,-9.630065839362087e-05,-0.010635982816239196,0.010443381499451954
2023-10-11,0.0020348716666683,-9.630065839362087e-05,-0.010635982816239196,0.010443381499451954
2023-10-12,-0.0021288936494507,-9.630065839362087e-05,-0.010635982816239196,0.010443381499451954
2023-10-13,-0.000762901105515,-9.630065839362087e-05,-0.010635982816239196,0.010443381499451954
2023-10-16,-0.0072190829234839,-9.630065839362087e-05,-0.010635982816239196,0.010443381499451954
2023-10-17,0.0007368777249481,-9.630065839362087e-05,-0.010635982816239196,0.010443381499451954
2023-10-18,0.0013776158597241,-9.630065839362087e-05,-0.010635982816239196,0.010443381499451954
2023-10-19,-0.0047295046339023,-9.630065839362087e-05,-0.010635982816239196,0.010443381499451954
2023-10-20,-0.0033949870753544,-9.630065839362087e-05,-0.010635982816239196,0.010443381499451954
2023-10-23,0.0020848812085869,-9.630065839362087e-05,-0.010635982816239196,0.010443381499451954
2023-10-24,0.0047883086216689,-9.630065839362087e-05,-0.010635982816239196,0.010443381499451954
2023-10-25,-0.0044817875424481,-9.630065839362087e-05,-0.010635982816239196,0.010443381499451954
2023-10-26,0.0013519185181863,-9.630065839362087e-05,-0.010635982816239196,0.010443381499451954
2023-10-27,0.0021824388982003,-9.630065839362087e-05,-0.010635982816239196,0.010443381499451954
2023-10-30,0.0037737154033991,-9.630065839362087e-05,-0.010635982816239196,0.010443381499451954
2023-10-31,0.0046058585331957,-9.630065839362087e-05,-0.010635982816239196,0.010443381499451954
2023-11-01,0.0051355818563513,-9.630065839362087e-05,-0.010635982816239196,0.010443381499451954
2023-11-02,-0.003935258133765,-9.630065839362087e-05,-0.010635982816239196,0.010443381499451954
2023-11-03,0.0033532492774302,-9.630065839362087e-05,-0.010635982816239196,0.010443381499451954
2023-11-06,0.0031347542939941,-9.630065839362087e-05,-0.010635982816239196,0.010443381499451954
2023-11-07,-0.0011199513435568,-9.630065839362087e-05,-0.010635982816239196,0.010443381499451954
2023-11-08,-0.0012665857385422,-9.630065839362087e-05,-0.010635982816239196,0.010443381499451954
2023-11-09,0.0003323957583128,-9.630065839362087e-05,-0.010635982816239196,0.010443381499451954
2023-11-10,0.0005398689036873,-9.630065839362087e-05,-0.010635982816239196,0.010443381499451954
2023-11-13,0.0007573919278207,-9.630065839362087e-05,-0.010635982816239196,0.010443381499451954
2023-11-14,0.0003007691516845,-9.630065839362087e-05,-0.010635982816239196,0.010443381499451954
2023-11-15,0.0027955529088656,-9.630065839362087e-05,-0.010635982816239196,0.010443381499451954
2023-11-16,-0.0044455182501915,-9.630065839362087e-05,-0.010635982816239196,0.010443381499451954
2023-11-17,0.0014218316332164,-9.630065839362087e-05,-0.010635982816239196,0.010443381499451954
2023-11-20,0.0020823609962183,-9.630065839362087e-05,-0.010635982816239196,0.010443381499451954
2023-11-21,0.001757816690291,-9.630065839362087e-05,-0.010635982816239196,0.010443381499451954
2023-11-22,-0.0036742795756302,-9.630065839362087e-05,-0.010635982816239196,0.010443381499451954
2023-11-23,-0.0019305460024906,-9.630065839362087e-05,-0.010635982816239196,0.010443381499451954
2023-11-24,0.001992781599721,-9.630065839362087e-05,-0.010635982816239196,0.010443381499451954
2023-11-27,0.0007359033031987,-9.630065839362087e-05,-0.010635982816239196,0.010443381499451954
2023-11-28,-0.0008188437561417,-9.630065839362087e-05,-0.010635982816239196,0.010443381499451954
2023-11-29,0.0007462783046202,-9.630065839362087e-05,-0.010635982816239196,0.010443381499451954
2023-11-30,-0.0070186543303494,-9.630065839362087e-05,-0.010635982816239196,0.010443381499451954
2023-12-01,-0.0059025319497964,-9.630065839362087e-05,-0.010635982816239196,0.010443381499451954
2023-12-04,-0.0082419844732587,-9.630065839362087e-05,-0.010635982816239196,0.010443381499451954
2023-12-05,0.000539575776377,-9.630065839362087e-05,-0.010635982816239196,0.010443381499451954
2023-12-06,-0.001037156626336,-9.630065839362087e-05,-0.010635982816239196,0.010443381499451954
2023-12-07,-0.0029691733909556,-9.630065839362087e-05,-0.010635982816239196,0.010443381499451954
2023-12-08,0.0032232948758337,-9.630065839362087e-05,-0.010635982816239196,0.010443381499451954
2023-12-11,0.0023895059197132,-9.630065839362087e-05,-0.010635982816239196,0.010443381499451954
2023-12-12,-0.0016064707782552,-9.630065839362087e-05,-0.010635982816239196,0.010443381499451954
2023-12-13,-0.0004549246044409,-9.630065839362087e-05,-0.010635982816239196,0.010443381499451954
2023-12-14,0.0030430568651004,-9.630065839362087e-05,-0.010635982816239196,0.010443381499451954
2023-12-15,0.0056914436358994,-9.630065839362087e-05,-0.010635982816239196,0.010443381499451954
2023-12-18,-0.0049320927086454,-9.630065839362087e-05,-0.010635982816239196,0.010443381499451954
2023-12-19,-0.0014664804748101,-9.630065839362087e-05,-0.010635982816239196,0.010443381499451954
2023-12-20,-0.0021983686779117,-9.630065839362087e-05,-0.010635982816239196,0.010443381499451954
2023-12-21,-0.0011434279356334,-9.630065839362087e-05,-0.010635982816239196,0.010443381499451954
2023-12-22,-0.0017280962499522,-9.630065839362087e-05,-0.010635982816239196,0.010443381499451954
2023-12-25,-0.0001804639180008,-9.630065839362087e-05,-0.010635982816239196,0.010443381499451954
2023-12-26,0.0010077899232727,-9.630065839362087e-05,-0.010635982816239196,0.010443381499451954
2023-12-27,-0.0005090475519429,-9.630065839362087e-05,-0.010635982816239196,0.010443381499451954
2023-12-28,-0.0073357108074748,-9.630065839362087e-05,-0.010635982816239196,0.010443381499451954
2023-12-29,-0.0025036859026456,-9.630065839362087e-05,-0.010635982816239196,0.010443381499451954
2024-01-01,-0.0054677504786988,-9.630065839362087e-05,-0.010635982816239196,0.010443381499451954
2024-01-02,0.000861368892974,-9.630065839362087e-05,-0.010635982816239196,0.010443381499451954
2024-01-03,0.0011616274744292,-9.630065839362087e-05,-0.010635982816239196,0.010443381499451954
2024-01-04,-0.0027449689735039,-9.630065839362087e-05,-0.010635982816239196,0.010443381499451954
2024-01-05,0.003121139522082,-9.630065839362087e-05,-0.010635982816239196,0.010443381499451954
2024-01-08,0.0002471372296316,-9.630065839362087e-05,-0.010635982816239196,0.010443381499451954
2024-01-09,-0.0022909364724226,-9.630065839362087e-05,-0.010635982816239196,0.010443381499451954
2024-01-10,0.0033861480795378,-9.630065839362087e-05,-0.010635982816239196,0.010443381499451954
2024-01-11,0.0016405397192999,-9.630065839362087e-05,-0.010635982816239196,0.010443381499451954
2024-01-12,0.0011991899024365,-9.630065839362087e-05,-0.010635982816239196,0.010443381499451954
2024-01-15,-0.0005779716902456,-9.630065839362087e-05,-0.010635982816239196,0.010443381499451954
2024-01-16,0.0031535654889902,-9.630065839362087e-05,-0.010635982816239196,0.010443381499451954
2024-01-17,0.0002881495008234,-9.630065839362087e-05,-0.010635982816239196,0.010443381499451954
2024-01-18,0.0038552412606868,-9.630065839362087e-05,-0.010635982816239196,0.010443381499451954
2024-01-19,0.0037662755808294,-9.630065839362087e-05,-0.010635982816239196,0.010443381499451954
2024-01-22,0.001661124293107,-9.630065839362087e-05,-0.010635982816239196,0.010443381499451954
2024-01-23,-0.0005604628768209,-9.630065839362087e-05,-0.010635982816239196,0.010443381499451954
2024-01-24,-0.0012595398071426,-9.630065839362087e-05,-0.010635982816239196,0.010443381499451954
2024-01-25,-0.0054479769165609,-9.630065839362087e-05,-0.010635982816239196,0.010443381499451954
2024-01-26,0.0013727816755085,-9.630065839362087e-05,-0.010635982816239196,0.010443381499451954
2024-01-29,-0.0036008439703336,-9.630065839362087e-05,-0.010635982816239196,0.010443381499451954
2024-01-30,-0.0041067254072582,-9.630065839362087e-05,-0.010635982816239196,0.010443381499451954
2024-01-31,0.0014563828684164,-9.630065839362087e-05,-0.010635982816239196,0.010443381499451954
2024-02-01,-0.0030865962985768,-9.630065839362087e-05,-0.010635982816239196,0.010443381499451954
2024-02-02,0.001051399134763,-9.630065839362087e-05,-0.010635982816239196,0.010443381499451954
2024-02-05,0.0021208532488174,-9.630065839362087e-05,-0.010635982816239196,0.010443381499451954
2024-02-06,0.0007058889677087,-9.630065839362087e-05,-0.010635982816239196,0.010443381499451954
2024-02-07,4.282693730876168e-05,-9.630065839362087e-05,-0.010635982816239196,0.010443381499451954
2024-02-08,0.0071274406604632,-9.630065839362087e-05,-0.010635982816239196,0.010443381499451954
2024-02-09,-0.0007115451872649,-9.630065839362087e-05,-0.010635982816239196,0.010443381499451954
2024-02-12,0.0027689535793439,-9.630065839362087e-05,-0.010635982816239196,0.010443381499451954
2024-02-13,-0.0006464505297907,-9.630065839362087e-05,-0.010635982816239196,0.010443381499451954
2024-02-14,0.0073723143134103,-9.630065839362087e-05,-0.010635982816239196,0.010443381499451954
2024-02-15,-0.0004000033930659,-9.630065839362087e-05,-0.010635982816239196,0.010443381499451954
2024-02-16,-0.0021604356610375,-9.630065839362087e-05,-0.010635982816239196,0.010443381499451954
2024-02-19,0.0020025483782979,-9.630065839362087e-05,-0.010635982816239196,0.010443381499451954
2024-02-20,0.0015781281259025,-9.630065839362087e-05,-0.010635982816239196,0.010443381499451954
2024-02-21,0.0021527219787231,-9.630065839362087e-05,-0.010635982816239196,0.010443381499451954
2024-02-22,-0.0020476478802407,-9.630065839362087e-05,-0.010635982816239196,0.010443381499451954
2024-02-23,0.0013970560169852,-9.630065839362087e-05,-0.010635982816239196,0.010443381499451954
2024-02-26,0.000828895956732,-9.630065839362087e-05,-0.010635982816239196,0.010443381499451954
2024-02-27,0.0014148644563206,-9.630065839362087e-05,-0.010635982816239196,0.010443381499451954
2024-02-28,-0.0019079040880915,-9.630065839362087e-05,-0.010635982816239196,0.010443381499451954
2024-02-29,-0.0007242741448869,-9.630065839362087e-05,-0.010635982816239196,0.010443381499451954
2024-03-01,0.0035638742896966,-9.630065839362087e-05,-0.010635982816239196,0.010443381499451954
2024-03-04,0.0020905337681534,-9.630065839362087e-05,-0.010635982816239196,0.010443381499451954
2024-03-05,0.0032212154534427,-9.630065839362087e-05,-0.010635982816239196,0.010443381499451954
2024-03-06,-0.0017083920831901,-9.630065839362087e-05,-0.010635982816239196,0.010443381499451954
2024-03-07,0.0023743179748331,-9.630065839362087e-05,-0.010635982816239196,0.010443381499451954
2024-03-08,-0.000770028515334,-9.630065839362087e-05,-0.010635982816239196,0.010443381499451954
2024-03-11,-0.0004893282328597,-9.630065839362087e-05,-0.010635982816239196,0.010443381499451954
2024-03-12,-0.0012817657373604,-9.630065839362087e-05,-0.010635982816239196,0.010443381499451954
2024-03-13,-0.0003128645572824,-9.630065839362087e-05,-0.010635982816239196,0.010443381499451954
2024-03-14,0.0035194078183475,-9.630065839362087e-05,-0.010635982816239196,0.010443381499451954
2024-03-15,0.0002702065684314,-9.630065839362087e-05,-0.010635982816239196,0.010443381499451954
2024-03-18,-0.0008108388387542,-9.630065839362087e-05,-0.010635982816239196,0.010443381499451954
2024-03-19,0.0036022270554057,-9.630065839362087e-05,-0.010635982816239196,0.010443381499451954
2024-03-20,0.0001968242503217,-9.630065839362087e-05,-0.010635982816239196,0.010443381499451954
2024-03-21,0.003475060965722,-9.630065839362087e-05,-0.010635982816239196,0.010443381499451954
2024-03-22,0.0066064062554241,-9.630065839362087e-05,-0.010635982816239196,0.010443381499451954
2024-03-25,-0.0050486735960889,-9.630065839362087e-05,-0.010635982816239196,0.010443381499451954
2024-03-26,0.0048947900774162,-9.630065839362087e-05,-0.010635982816239196,0.010443381499451954
2024-03-27,0.0040845785039817,-9.630065839362087e-05,-0.010635982816239196,0.010443381499451954
2024-03-28,0.0003677269705243,-9.630065839362087e-05,-0.010635982816239196,0.010443381499451954
2024-03-29,-0.006968665059397,-9.630065839362087e-05,-0.010635982816239196,0.010443381499451954
2024-04-01,0.0010895019088124,-9.630065839362087e-05,-0.010635982816239196,0.010443381499451954
2024-04-02,-0.0017684676737987,-9.630065839362087e-05,-0.010635982816239196,0.010443381499451954
2024-04-03,0.0059611853019855,-9.630065839362087e-05,-0.010635982816239196,0.010443381499451954
2024-04-04,0.0010633000889922,-9.630065839362087e-05,-0.010635982816239196,0.010443381499451954
2024-04-05,-0.0016875586497669,-9.630065839362087e-05,-0.010635982816239196,0.010443381499451954
2024-04-08,0.0010844415966518,-9.630065839362087e-05,-0.010635982816239196,0.010443381499451954
2024-04-09,0.0051300051375248,-9.630065839362087e-05,-0.010635982816239196,0.010443381499451954
2024-04-10,-0.0024852431634605,-9.630065839362087e-05,-0.010635982816239196,0.010443381499451954
2024-04-11,0.0001325621472099,-9.630065839362087e-05,-0.010635982816239196,0.010443381499451954
2024-04-12,-0.0049063411358409,-9.630065839362087e-05,-0.010635982816239196,0.010443381499451954
2024-04-15,-0.0030376713956652,-9.630065839362087e-05,-0.010635982816239196,0.010443381499451954
2024-04-16,-0.0042744296950012,-9.630065839362087e-05,-0.010635982816239196,0.010443381499451954
2024-04-17,0.000443732522319,-9.630065839362087e-05,-0.010635982816239196,0.010443381499451954
2024-04-18,0.0023804523951119,-9.630065839362087e-05,-0.010635982816239196,0.010443381499451954
2024-04-19,-0.0004323659412336,-9.630065839362087e-05,-0.010635982816239196,0.010443381499451954
2024-04-22,-0.000175061345576,-9.630065839362087e-05,-0.010635982816239196,0.010443381499451954
2024-04-23,0.0005559532662549,-9.630065839362087e-05,-0.010635982816239196,0.010443381499451954
2024-04-24,0.0043959139335668,-9.630065839362087e-05,-0.010635982816239196,0.010443381499451954
2024-04-25,0.0026711798384938,-9.630065839362087e-05,-0.010635982816239196,0.010443381499451954
2024-04-26,0.0005517933728688,-9.630065839362087e-05,-0.010635982816239196,0.010443381499451954
2024-04-29,-0.0006437885441012,-9.630065839362087e-05,-0.010635982816239196,0.010443381499451954
2024-04-30,-0.0023537486627845,-9.630065839362087e-05,-0.010635982816239196,0.010443381499451954
2024-05-01,0.0048855813687918,-9.630065839362087e-05,-0.010635982816239196,0.010443381499451954
2024-05-02,0.0014162159552659,-9.630065839362087e-05,-0.010635982816239196,0.010443381499451954
2024-05-03,-0.0061276399032627,-9.630065839362087e-05,-0.010635982816239196,0.010443381499451954
2024-05-06,-0.0016198817523521,-9.630065839362087e-05,-0.010635982816239196,0.010443381499451954
2024-05-07,0.0016813669771268,-9.630065839362087e-05,-0.010635982816239196,0.010443381499451954
2024-05-08,0.0005529528809765,-9.630065839362087e-05,-0.010635982816239196,0.010443381499451954
2024-05-09,-0.0010140315310234,-9.630065839362087e-05,-0.010635982816239196,0.010443381499451954
2024-05-10,0.0009321363970253,-9.630065839362087e-05,-0.010635982816239196,0.010443381499451954
2024-05-13,-0.0004403470792287,-9.630065839362087e-05,-0.010635982816239196,0.010443381499451954
2024-05-14,0.0036195038357525,-9.630065839362087e-05,-0.010635982816239196,0.010443381499451954
2024-05-15,0.0008365970000618,-9.630065839362087e-05,-0.010635982816239196,0.010443381499451954
2024-05-16,0.0,-9.630065839362087e-05,-0.010635982816239196,0.010443381499451954
2024-05-17,0.004101212356825,-9.630065839362087e-05,-0.010635982816239196,0.010443381499451954
2024-05-20,0.0036089843308127,-9.630065839362087e-05,-0.010635982816239196,0.010443381499451954
2024-05-21,0.0001922078741004,-9.630065839362087e-05,-0.010635982816239196,0.010443381499451954
2024-05-22,0.0007079615585158,-9.630065839362087e-05,-0.010635982816239196,0.010443381499451954
2024-05-23,0.0016163526054243,-9.630065839362087e-05,-0.010635982816239196,0.010443381499451954
2024-05-24,-0.0020713701459762,-9.630065839362087e-05,-0.010635982816239196,0.010443381499451954
2024-05-27,0.0032718269867996,-9.630065839362087e-05,-0.010635982816239196,0.010443381499451954
2024-05-28,1.0095403364643946e-05,-9.630065839362087e-05,-0.010635982816239196,0.010443381499451954
2024-05-29,-0.0018769721200386,-9.630065839362087e-05,-0.010635982816239196,0.010443381499451954
2024-05-30,-0.0038050363143415,-9.630065839362087e-05,-0.010635982816239196,0.010443381499451954
2024-05-31,-0.0079399861417044,-9.630065839362087e-05,-0.010635982816239196,0.010443381499451954
2024-06-03,-0.0003066349633515,-9.630065839362087e-05,-0.010635982816239196,0.010443381499451954
2024-06-04,-0.0019954529339947,-9.630065839362087e-05,-0.010635982816239196,0.010443381499451954
2024-06-05,-0.0079497387394028,-9.630065839362087e-05,-0.010635982816239196,0.010443381499451954
2024-06-06,0.0022071499799485,-9.630065839362087e-05,-0.010635982816239196,0.010443381499451954
2024-06-07,-0.0016910583448793,-9.630065839362087e-05,-0.010635982816239196,0.010443381499451954
2024-06-10,-0.0031421410074877,-9.630065839362087e-05,-0.010635982816239196,0.010443381499451954
2024-06-11,-0.0009736247024845,-9.630065839362087e-05,-0.010635982816239196,0.010443381499451954
2024-06-12,-0.0008293562157864,-9.630065839362087e-05,-0.010635982816239196,0.010443381499451954
2024-06-13,0.0028273158524073,-9.630065839362087e-05,-0.010635982816239196,0.010443381499451954
2024-06-14,-0.0072864191796295,-9.630065839362087e-05,-0.010635982816239196,0.010443381499451954
2024-06-17,-0.0069831787048441,-9.630065839362087e-05,-0.010635982816239196,0.010443381499451954
2024-06-18,0.0009018071784552,-9.630065839362087e-05,-0.010635982816239196,0.010443381499451954
2024-06-19,-0.0047381728005366,-9.630065839362087e-05,-0.010635982816239196,0.010443381499451954
2024-06-20,0.0009578853676698,-9.630065839362087e-05,-0.010635982816239196,0.010443381499451954
2024-06-21,0.0040527508126825,-9.630065839362087e-05,-0.010635982816239196,0.010443381499451954
2024-06-24,0.0016018593451716,-9.630065839362087e-05,-0.010635982816239196,0.010443381499451954
2024-06-25,0.0028205515713723,-9.630065839362087e-05,-0.010635982816239196,0.010443381499451954
2024-06-26,0.0001877624988968,-9.630065839362087e-05,-0.010635982816239196,0.010443381499451954
2024-06-27,-0.000834756153163,-9.630065839362087e-05,-0.010635982816239196,0.010443381499451954
2024-06-28,0.004395437641611,-9.630065839362087e-05,-0.010635982816239196,0.010443381499451954
2024-07-01,0.0044072246902801,-9.630065839362087e-05,-0.010635982816239196,0.010443381499451954
2024-07-02,0.0033984276645258,-9.630065839362087e-05,-0.010635982816239196,0.010443381499451954
2024-07-03,0.0016177288540396,-9.630065839362087e-05,-0.010635982816239196,0.010443381499451954
2024-07-04,0.000813003935901,-9.630065839362087e-05,-0.010635982816239196,0.010443381499451954
2024-07-05,0.001100066402325,-9.630065839362087e-05,-0.010635982816239196,0.010443381499451954
2024-07-08,-0.0041187576325564,-9.630065839362087e-05,-0.010635982816239196,0.010443381499451954
2024-07-09,0.0032655163317455,-9.630065839362087e-05,-0.010635982816239196,0.010443381499451954
2024-07-10,-0.0017705065623766,-9.630065839362087e-05,-0.010635982816239196,0.010443381499451954
2024-07-11,0.0036508379573667,-9.630065839362087e-05,-0.010635982816239196,0.010443381499451954
2024-07-12,6.15502689683405e-05,-9.630065839362087e-05,-0.010635982816239196,0.010443381499451954
2024-07-15,0.0020200610210357,-9.630065839362087e-05,-0.010635982816239196,0.010443381499451954
2024-07-16,-0.0003073512450743,-9.630065839362087e-05,-0.010635982816239196,0.010443381499451954
2024-07-17,-0.0020823130447206,-9.630065839362087e-05,-0.010635982816239196,0.010443381499451954
2024-07-18,-0.009077156203094,-9.630065839362087e-05,-0.010635982816239196,0.010443381499451954
2024-07-19,0.0023287397602256,-9.630065839362087e-05,-0.010635982816239196,0.010443381499451954
2024-07-22,0.0005270675093056,-9.630065839362087e-05,-0.010635982816239196,0.010443381499451954
2024-07-23,0.0008985034637845,-9.630065839362087e-05,-0.010635982816239196,0.010443381499451954
2024-07-24,-0.0014979751322755,-9.630065839362087e-05,-0.010635982816239196,0.010443381499451954
2024-07-25,-0.0083052814451981,-9.630065839362087e-05,-0.010635982816239196,0.010443381499451954
2024-07-26,-0.0037495151604159,-9.630065839362087e-05,-0.010635982816239196,0.010443381499451954
2024-07-29,0.0043956525060225,-9.630065839362087e-05,-0.010635982816239196,0.010443381499451954
2024-07-30,-0.0012405273915503,-9.630065839362087e-05,-0.010635982816239196,0.010443381499451954
2024-07-31,-0.0049041402647788,-9.630065839362087e-05,-0.010635982816239196,0.010443381499451954
2024-08-01,-0.0036860673644433,-9.630065839362087e-05,-0.010635982816239196,0.010443381499451954
2024-08-02,-0.0094184258750722,-9.630065839362087e-05,-0.010635982816239196,0.010443381499451954
2024-08-05,-0.0080294031954219,-9.630065839362087e-05,-0.010635982816239196,0.010443381499451954
2024-08-06,0.0021816458715398,-9.630065839362087e-05,-0.010635982816239196,0.010443381499451954
2024-08-07,-0.0049047114336577,-9.630065839362087e-05,-0.010635982816239196,0.010443381499451954
2024-08-08,0.0079446934654788,-9.630065839362087e-05,-0.010635982816239196,0.010443381499451954
2024-08-09,0.0077764443181677,-9.630065839362087e-05,-0.010635982816239196,0.010443381499451954
2024-08-12,-0.0023700227104879,-9.630065839362087e-05,-0.010635982816239196,0.010443381499451954
2024-08-13,0.0017886476580367,-9.630065839362087e-05,-0.010635982816239196,0.010443381499451954
2024-08-14,0.0060091183847728,-9.630065839362087e-05,-0.010635982816239196,0.010443381499451954
2024-08-15,0.0011240383509262,-9.630065839362087e-05,-0.010635982816239196,0.010443381499451954
2024-08-16,0.005162570340385,-9.630065839362087e-05,-0.010635982816239196,0.010443381499451954
2024-08-19,-0.000971792254467,-9.630065839362087e-05,-0.010635982816239196,0.010443381499451954
2024-08-20,-0.0002405089277705,-9.630065839362087e-05,-0.010635982816239196,0.010443381499451954
2024-08-21,-0.0066731907571476,-9.630065839362087e-05,-0.010635982816239196,0.010443381499451954
2024-08-22,-0.000494961054361,-9.630065839362087e-05,-0.010635982816239196,0.010443381499451954
2024-08-23,-0.0027105581729596,-9.630065839362087e-05,-0.010635982816239196,0.010443381499451954
2024-08-26,0.0011505129991488,-9.630065839362087e-05,-0.010635982816239196,0.010443381499451954
2024-08-27,-0.0023235271595865,-9.630065839362087e-05,-0.010635982816239196,0.010443381499451954
2024-08-28,-0.005300885256296,-9.630065839362087e-05,-0.010635982816239196,0.010443381499451954
2024-08-29,-0.0045279451889145,-9.630065839362087e-05,-0.010635982816239196,0.010443381499451954
2024-08-30,0.0020480937710199,-9.630065839362087e-05,-0.010635982816239196,0.010443381499451954
2024-09-02,0.0011821712603583,-9.630065839362087e-05,-0.010635982816239196,0.010443381499451954
2024-09-03,0.0028696558389019,-9.630065839362087e-05,-0.010635982816239196,0.010443381499451954
2024-09-04,-0.0033487546093579,-9.630065839362087e-05,-0.010635982816239196,0.010443381499451954
2024-09-05,-0.0017478951289186,-9.630065839362087e-05,-0.010635982816239196,0.010443381499451954
2024-09-06,0.0001173038167335,-9.630065839362087e-05,-0.010635982816239196,0.010443381499451954
2024-09-09,-0.0019965483088642,-9.630065839362087e-05,-0.010635982816239196,0.010443381499451954
2024-09-10,0.0017405602795164,-9.630065839362087e-05,-0.010635982816239196,0.010443381499451954
2024-09-11,-0.0045553330636764,-9.630065839362087e-05,-0.010635982816239196,0.010443381499451954
2024-09-12,0.0061543429271085,-9.630065839362087e-05,-0.010635982816239196,0.010443381499451954
2024-09-13,0.0028294362214022,-9.630065839362087e-05,-0.010635982816239196,0.010443381499451954
2024-09-16,-0.0012966870542339,-9.630065839362087e-05,-0.010635982816239196,0.010443381499451954
2024-09-17,-0.0002446635509578,-9.630065839362087e-05,-0.010635982816239196,0.010443381499451954
2024-09-18,0.0013926223313784,-9.630065839362087e-05,-0.010635982816239196,0.010443381499451954
2024-09-19,0.0003611136596991,-9.630065839362087e-05,-0.010635982816239196,0.010443381499451954
2024-09-20,0.0047040066745076,-9.630065839362087e-05,-0.010635982816239196,0.010443381499451954
2024-09-23,0.0036294087658261,-9.630065839362087e-05,-0.010635982816239196,0.010443381499451954
2024-09-24,-0.008513955969799,-9.630065839362087e-05,-0.010635982816239196,0.010443381499451954
2024-09-25,0.0002867479548187,-9.630065839362087e-05,-0.010635982816239196,0.010443381499451954
2024-09-26,0.0053057357019869,-9.630065839362087e-05,-0.010635982816239196,0.010443381499451954
2024-09-27,-0.0009193250172086,-9.630065839362087e-05,-0.010635982816239196,0.010443381499451954
2024-09-30,-0.0067145453895564,-9.630065839362087e-05,-0.010635982816239196,0.010443381499451954
2024-10-01,0.0018820890070095,-9.630065839362087e-05,-0.010635982816239196,0.010443381499451954
2024-10-02,-0.0053471174298713,-9.630065839362087e-05,-0.010635982816239196,0.010443381499451954
2024-10-03,0.002709066732495,-9.630065839362087e-05,-0.010635982816239196,0.010443381499451954
2024-10-04,0.0012241529787139,-9.630065839362087e-05,-0.010635982816239196,0.010443381499451954
2024-10-07,0.0022315173330028,-9.630065839362087e-05,-0.010635982816239196,0.010443381499451954
2024-10-08,-0.004542700092862,-9.630065839362087e-05,-0.010635982816239196,0.010443381499451954
2024-10-09,0.0032575508516684,-9.630065839362087e-05,-0.010635982816239196,0.010443381499451954
2024-10-10,0.000637463199317,-9.630065839362087e-05,-0.010635982816239196,0.010443381499451954
2024-10-11,-0.0052607950719117,-9.630065839362087e-05,-0.010635982816239196,0.010443381499451954
2024-10-14,0.0009925149999714,-9.630065839362087e-05,-0.010635982816239196,0.010443381499451954
2024-10-15,0.0033756797499253,-9.630065839362087e-05,-0.010635982816239196,0.010443381499451954
2024-10-16,-0.0020431898161549,-9.630065839362087e-05,-0.010635982816239196,0.010443381499451954
2024-10-17,0.001064676984273,-9.630065839362087e-05,-0.010635982816239196,0.010443381499451954
2024-10-18,-0.0020985175319167,-9.630065839362087e-05,-0.010635982816239196,0.010443381499451954
2024-10-21,0.0024070410237031,-9.630065839362087e-05,-0.010635982816239196,0.010443381499451954
2024-10-22,-0.004232177893114,-9.630065839362087e-05,-0.010635982816239196,0.010443381499451954
2024-10-23,-0.0017000677659352,-9.630065839362087e-05,-0.010635982816239196,0.010443381499451954
2024-10-24,-0.0002889852618492,-9.630065839362087e-05,-0.010635982816239196,0.010443381499451954
2024-10-25,0.0032168655048016,-9.630065839362087e-05,-0.010635982816239196,0.010443381499451954
2024-10-28,0.0004053548221593,-9.630065839362087e-05,-0.010635982816239196,0.010443381499451954
2024-10-29,-0.0022636956896548,-9.630065839362087e-05,-0.010635982816239196,0.010443381499451954
2024-10-30,0.0030739762498486,-9.630065839362087e-05,-0.010635982816239196,0.010443381499451954
2024-10-31,0.0026181956230033,-9.630065839362087e-05,-0.010635982816239196,0.010443381499451954
2024-11-01,-0.0009996649283532,-9.630065839362087e-05,-0.010635982816239196,0.010443381499451954
2024-11-04,0.0037699953340821,-9.630065839362087e-05,-0.010635982816239196,0.010443381499451954
2024-11-05,-0.0039508797349831,-9.630065839362087e-05,-0.010635982816239196,0.010443381499451954
2024-11-06,0.0034632059378154,-9.630065839362087e-05,-0.010635982816239196,0.010443381499451954
2024-11-07,-0.0034313014386981,-9.630065839362087e-05,-0.010635982816239196,0.010443381499451954
2024-11-08,0.002550712492006,-9.630065839362087e-05,-0.010635982816239196,0.010443381499451954
2024-11-11,-0.0037645616645312,-9.630065839362087e-05,-0.010635982816239196,0.010443381499451954
2024-11-12,-6.388752140419359e-05,-9.630065839362087e-05,-0.010635982816239196,0.010443381499451954
2024-11-13,-0.0020585228974502,-9.630065839362087e-05,-0.010635982816239196,0.010443381499451954
2024-11-14,-0.0009293757593941,-9.630065839362087e-05,-0.010635982816239196,0.010443381499451954
2024-11-15,0.0019964840676986,-9.630065839362087e-05,-0.010635982816239196,0.010443381499451954
2024-11-18,-0.0016225161053631,-9.630065839362087e-05,-0.010635982816239196,0.010443381499451954
2024-11-19,-0.0003953072049199,-9.630065839362087e-05,-0.010635982816239196,0.010443381499451954
2024-11-20,-0.0001175969504123,-9.630065839362087e-05,-0.010635982816239196,0.010443381499451954
2024-11-21,-0.0039624772705938,-9.630065839362087e-05,-0.010635982816239196,0.010443381499451954
2024-11-22,-0.0037198077990229,-9.630065839362087e-05,-0.010635982816239196,0.010443381499451954
2024-11-25,0.0050602213866319,-9.630065839362087e-05,-0.010635982816239196,0.010443381499451954
2024-11-26,-0.005221758376771,-9.630065839362087e-05,-0.010635982816239196,0.010443381499451954
2024-11-27,0.0015822718065027,-9.630065839362087e-05,-0.010635982816239196,0.010443381499451954
2024-11-28,0.0022775820766378,-9.630065839362087e-05,-0.010635982816239196,0.010443381499451954
2024-11-29,-3.217326126585314e-05,-9.630065839362087e-05,-0.010635982816239196,0.010443381499451954
2024-12-02,-0.0019335100680208,-9.630065839362087e-05,-0.010635982816239196,0.010443381499451954
2024-12-03,0.0006556571935899,-9.630065839362087e-05,-0.010635982816239196,0.010443381499451954
2024-12-04,0.0009988039573029,-9.630065839362087e-05,-0.010635982816239196,0.010443381499451954
2024-12-05,-0.0027948444724746,-9.630065839362087e-05,-0.010635982816239196,0.010443381499451954
2024-12-06,0.0008607942631143,-9.630065839362087e-05,-0.010635982816239196,0.010443381499451954
2024-12-09,-0.0016037944286171,-9.630065839362087e-05,-0.010635982816239196,0.010443381499451954
2024-12-10,-0.0010778689665564,-9.630065839362087e-05,-0.010635982816239196,0.010443381499451954
2024-12-11,0.002466502225421,-9.630065839362087e-05,-0.010635982816239196,0.010443381499451954
2024-12-12,-0.0018089012269778,-9.630065839362087e-05,-0.010635982816239196,0.010443381499451954
2024-12-13,0.0065524623870441,-9.630065839362087e-05,-0.010635982816239196,0.010443381499451954
2024-12-16,0.0034095414283921,-9.630065839362087e-05,-0.010635982816239196,0.010443381499451954
2024-12-17,0.0031746330541358,-9.630065839362087e-05,-0.010635982816239196,0.010443381499451954
2024-12-18,-0.0037937029911779,-9.630065839362087e-05,-0.010635982816239196,0.010443381499451954
2024-12-19,-0.0036045186531669,-9.630065839362087e-05,-0.010635982816239196,0.010443381499451954
2024-12-20,-0.0016407684270352,-9.630065839362087e-05,-0.010635982816239196,0.010443381499451954
2024-12-23,-3.224276035152137e-05,-9.630065839362087e-05,-0.010635982816239196,0.010443381499451954
2024-12-24,0.0033966585718449,-9.630065839362087e-05,-0.010635982816239196,0.010443381499451954
2024-12-25,0.0040991850737817,-9.630065839362087e-05,-0.010635982816239196,0.010443381499451954
2024-12-26,-0.0036821045795199,-9.630065839362087e-05,-0.010635982816239196,0.010443381499451954
2024-12-27,0.0016879624006223,-9.630065839362087e-05,-0.010635982816239196,0.010443381499451954
2024-12-30,0.0039310828074614,-9.630065839362087e-05,-0.010635982816239196,0.010443381499451954
2024-12-31,-0.0006594351766715,-9.630065839362087e-05,-0.010635982816239196,0.010443381499451954
2025-01-01,0.0,-9.630065839362087e-05,-0.010635982816239196,0.010443381499451954
2025-01-02,-0.0002766586151836,-9.630065839362087e-05,-0.010635982816239196,0.010443381499451954
2025-01-03,-0.0034433825321423,-9.630065839362087e-05,-0.010635982816239196,0.010443381499451954
2025-01-06,0.0006618920580056,-9.630065839362087e-05,-0.010635982816239196,0.010443381499451954
2025-01-07,0.0029730412705998,-9.630065839362087e-05,-0.010635982816239196,0.010443381499451954
2025-01-08,0.0009146880839369,-9.630065839362087e-05,-0.010635982816239196,0.010443381499451954
2025-01-09,-0.0011807125721909,-9.630065839362087e-05,-0.010635982816239196,0.010443381499451954
2025-01-10,-0.000447149061037,-9.630065839362087e-05,-0.010635982816239196,0.010443381499451954
2025-01-13,-3.192420343902421e-05,-9.630065839362087e-05,-0.010635982816239196,0.010443381499451954
2025-01-14,0.0009153061474458,-9.630065839362087e-05,-0.010635982816239196,0.010443381499451954
2025-01-15,0.0004361060497193,-9.630065839362087e-05,-0.010635982816239196,0.010443381499451954
2025-01-16,-0.0014791826801679,-9.630065839362087e-05,-0.010635982816239196,0.010443381499451954
2025-01-17,-0.0003621367989733,-9.630065839362087e-05,-0.010635982816239196,0.010443381499451954
2025-01-20,0.0013839706703088,-9.630065839362087e-05,-0.010635982816239196,0.010443381499451954
2025-01-21,0.0044371540229897,-9.630065839362087e-05,-0.010635982816239196,0.010443381499451954
2025-01-22,-0.0007416872043212,-9.630065839362087e-05,-0.010635982816239196,0.010443381499451954
2025-01-23,-0.0001590316473487,-9.630065839362087e-05,-0.010635982816239196,0.010443381499451954
2025-01-24,0.002001624932506,-9.630065839362087e-05,-0.010635982816239196,0.010443381499451954
2025-01-27,0.0042652121477088,-9.630065839362087e-05,-0.010635982816239196,0.010443381499451954
2025-01-28,-0.0052813998143217,-9.630065839362087e-05,-0.010635982816239196,0.010443381499451954
2025-01-29,-0.0014202022811167,-9.630065839362087e-05,-0.010635982816239196,0.010443381499451954
2025-01-30,0.0020024944872718,-9.630065839362087e-05,-0.010635982816239196,0.010443381499451954
2025-01-31,0.0008887190189533,-9.630065839362087e-05,-0.010635982816239196,0.010443381499451954
2025-02-03,-0.0083148038725742,-9.630065839362087e-05,-0.010635982816239196,0.010443381499451954
2025-02-04,0.0038420789502552,-9.630065839362087e-05,-0.010635982816239196,0.010443381499451954
2025-02-05,-0.0026059157157372,-9.630065839362087e-05,-0.010635982816239196,0.010443381499451954
2025-02-06,-0.0016201351335099,-9.630065839362087e-05,-0.010635982816239196,0.010443381499451954
2025-02-07,0.0026739954174904,-9.630065839362087e-05,-0.010635982816239196,0.010443381499451954
2025-02-10,-0.0009047550436834,-9.630065839362087e-05,-0.010635982816239196,0.010443381499451954
2025-02-11,-0.0003727730472391,-9.630065839362087e-05,-0.010635982816239196,0.010443381499451954
2025-02-12,0.0079577629690089,-9.630065839362087e-05,-0.010635982816239196,0.010443381499451954
2025-02-13,0.0030495613767265,-9.630065839362087e-05,-0.010635982816239196,0.010443381499451954
2025-02-14,-0.0044561471572011,-9.630065839362087e-05,-0.010635982816239196,0.010443381499451954
2025-02-17,-0.0011329974096383,-9.630065839362087e-05,-0.010635982816239196,0.010443381499451954
2025-02-18,0.0005719293464893,-9.630065839362087e-05,-0.010635982816239196,0.010443381499451954
2025-02-19,-0.0003282559117589,-9.630065839362087e-05,-0.010635982816239196,0.010443381499451954
2025-02-20,-0.0016220287011249,-9.630065839362087e-05,-0.010635982816239196,0.010443381499451954
2025-02-21,0.0004879594616297,-9.630065839362087e-05,-0.010635982816239196,0.010443381499451954
2025-02-24,-0.0020487769018907,-9.630065839362087e-05,-0.010635982816239196,0.010443381499451954
2025-02-25,-0.0025216131129516,-9.630065839362087e-05,-0.010635982816239196,0.010443381499451954
2025-02-26,0.0001704132722792,-9.630065839362087e-05,-0.010635982816239196,0.010443381499451954
2025-02-27,-0.0008951209269669,-9.630065839362087e-05,-0.010635982816239196,0.010443381499451954
2025-02-28,-0.0027649843794791,-9.630065839362087e-05,-0.010635982816239196,0.010443381499451954
2025-03-03,0.0047353120367298,-9.630065839362087e-05,-0.010635982816239196,0.010443381499451954
2025-03-04,0.0003723249491214,-9.630065839362087e-05,-0.010635982816239196,0.010443381499451954
2025-03-05,0.0052192358208383,-9.630065839362087e-05,-0.010635982816239196,0.010443381499451954
2025-03-06,0.017099298974337,-9.630065839362087e-05,-0.010635982816239196,0.010443381499451954
2025-03-07,-0.0089957614072711,-9.630065839362087e-05,-0.010635982816239196,0.010443381499451954
2025-03-10,0.0,-9.630065839362087e-05,-0.010635982816239196,0.010443381499451954
2025-03-11,0.0010070203405508,-9.630065839362087e-05,-0.010635982816239196,0.010443381499451954
2025-03-12,0.0108034780566929,-9.630065839362087e-05,-0.010635982816239196,0.010443381499451954
2025-03-13,-0.0044594741008002,-9.630065839362087e-05,-0.010635982816239196,0.010443381499451954
2025-03-14,-0.0018666022599368,-9.630065839362087e-05,-0.010635982816239196,0.010443381499451954
2025-03-17,0.0040520447217794,-9.630065839362087e-05,-0.010635982816239196,0.010443381499451954
2025-03-18,0.000239083973111,-9.630065839362087e-05,-0.010635982816239196,0.010443381499451954
2025-03-19,-0.0033313180089093,-9.630065839362087e-05,-0.010635982816239196,0.010443381499451954
2025-03-20,-0.0026940327379073,-9.630065839362087e-05,-0.010635982816239196,0.010443381499451954
2025-03-21,0.0005540126651225,-9.630065839362087e-05,-0.010635982816239196,0.010443381499451954
2025-03-24,-0.0002717343922071,-9.630065839362087e-05,-0.010635982816239196,0.010443381499451954
2025-03-25,-0.0032247056885199,-9.630065839362087e-05,-0.010635982816239196,0.010443381499451954
2025-03-26,-0.001563735181576,-9.630065839362087e-05,-0.010635982816239196,0.010443381499451954
2025-03-27,-0.00250281845664,-9.630065839362087e-05,-0.010635982816239196,0.010443381499451954
2025-03-28,0.0025133357635262,-9.630065839362087e-05,-0.010635982816239196,0.010443381499451954
2025-03-31,0.0013539929135126,-9.630065839362087e-05,-0.010635982816239196,0.010443381499451954
2025-04-01,0.0028384104565639,-9.630065839362087e-05,-0.010635982816239196,0.010443381499451954
2025-04-02,-0.0022722203758897,-9.630065839362087e-05,-0.010635982816239196,0.010443381499451954
2025-04-03,0.0022512736538764,-9.630065839362087e-05,-0.010635982816239196,0.010443381499451954
2025-04-04,-0.0076223675139007,-9.630065839362087e-05,-0.010635982816239196,0.010443381499451954
2025-04-07,-0.0143088638836059,-9.630065839362087e-05,-0.010635982816239196,0.010443381499451954
2025-04-08,0.0032022452987189,-9.630065839362087e-05,-0.010635982816239196,0.010443381499451954
2025-04-09,-0.0104988020315028,-9.630065839362087e-05,-0.010635982816239196,0.010443381499451954
2025-04-10,0.008834891370729,-9.630065839362087e-05,-0.010635982816239196,0.010443381499451954
2025-04-11,-0.0137578651403881,-9.630065839362087e-05,-0.010635982816239196,0.010443381499451954
2025-04-14,0.0042227247240185,-9.630065839362087e-05,-0.010635982816239196,0.010443381499451954
2025-04-15,-0.0028600213675401,-9.630065839362087e-05,-0.010635982816239196,0.010443381499451954
2025-04-16,0.0017277981423334,-9.630065839362087e-05,-0.010635982816239196,0.010443381499451954
2025-04-17,0.0005932016387953,-9.630065839362087e-05,-0.010635982816239196,0.010443381499451954
2025-04-18,0.0,-9.630065839362087e-05,-0.010635982816239196,0.010443381499451954
2025-04-21,0.0,-9.630065839362087e-05,-0.010635982816239196,0.010443381499451954
2025-04-22,0.0042716774848776,-9.630065839362087e-05,-0.010635982816239196,0.010443381499451954
2025-04-23,0.0067521040101396,-9.630065839362087e-05,-0.010635982816239196,0.010443381499451954
2025-04-24,0.0023860281221455,-9.630065839362087e-05,-0.010635982816239196,0.010443381499451954
2025-04-25,0.0025819500240318,-9.630065839362087e-05,-0.010635982816239196,0.010443381499451954
2025-04-28,-0.0028053845948302,-9.630065839362087e-05,-0.010635982816239196,0.010443381499451954
2025-04-29,-0.0030481432358478,-9.630065839362087e-05,-0.010635982816239196,0.010443381499451954
2025-04-30,0.0009708517291131,-9.630065839362087e-05,-0.010635982816239196,0.010443381499451954
2025-05-01,-0.0026160161808888,-9.630065839362087e-05,-0.010635982816239196,0.010443381499451954
2025-05-02,0.0011967168718192,-9.630065839362087e-05,-0.010635982816239196,0.010443381499451954
2025-05-05,-0.0035731198589581,-9.630065839362087e-05,-0.010635982816239196,0.010443381499451954
2025-05-06,-0.0034460584182561,-9.630065839362087e-05,-0.010635982816239196,0.010443381499451954
2025-05-07,0.0070298715773272,-9.630065839362087e-05,-0.010635982816239196,0.010443381499451954
2025-05-08,-0.005289232896348,-9.630065839362087e-05,-0.010635982816239196,0.010443381499451954
2025-05-09,0.0022197670955413,-9.630065839362087e-05,-0.010635982816239196,0.010443381499451954
2025-05-12,0.00286652819553,-9.630065839362087e-05,-0.010635982816239196,0.010443381499451954
2025-05-13,0.0012169447501311,-9.630065839362087e-05,-0.010635982816239196,0.010443381499451954
2025-05-14,0.0016947129501185,-9.630065839362087e-05,-0.010635982816239196,0.010443381499451954
2025-05-15,0.0018301112259345,-9.630065839362087e-05,-0.010635982816239196,0.010443381499451954
2025-05-16,-0.006826681582181,-9.630065839362087e-05,-0.010635982816239196,0.010443381499451954
2025-05-19,0.0003317481932177,-9.630065839362087e-05,-0.010635982816239196,0.010443381499451954
2025-05-20,0.0035246774639033,-9.630065839362087e-05,-0.010635982816239196,0.010443381499451954
2025-05-21,-0.0050559362556478,-9.630065839362087e-05,-0.010635982816239196,0.010443381499451954
2025-05-22,0.0017879835174863,-9.630065839362087e-05,-0.010635982816239196,0.010443381499451954
2025-05-23,-0.0003530294374954,-9.630065839362087e-05,-0.010635982816239196,0.010443381499451954
2025-05-26,0.0008022347732862,-9.630065839362087e-05,-0.010635982816239196,0.010443381499451954
2025-05-27,-0.0010697681800379,-9.630065839362087e-05,-0.010635982816239196,0.010443381499451954
2025-05-28,0.0037818721678881,-9.630065839362087e-05,-0.010635982816239196,0.010443381499451954
2025-05-29,-0.002754867651094,-9.630065839362087e-05,-0.010635982816239196,0.010443381499451954
2025-05-30,-2.1414384399656903e-05,-9.630065839362087e-05,-0.010635982816239196,0.010443381499451954
2025-06-02,-0.0019479490404291,-9.630065839362087e-05,-0.010635982816239196,0.010443381499451954
2025-06-03,0.0011349468009372,-9.630065839362087e-05,-0.010635982816239196,0.010443381499451954
2025-06-04,0.0024797216695014,-9.630065839362087e-05,-0.010635982816239196,0.010443381499451954
2025-06-05,-0.0026830276992653,-9.630065839362087e-05,-0.010635982816239196,0.010443381499451954
2025-06-06,0.0043256301621466,-9.630065839362087e-05,-0.010635982816239196,0.010443381499451954
2025-06-09,-0.0015892837618496,-9.630065839362087e-05,-0.010635982816239196,0.010443381499451954
2025-06-10,0.0016745285334968,-9.630065839362087e-05,-0.010635982816239196,0.010443381499451954
2025-06-11,0.0017993057605538,-9.630065839362087e-05,-0.010635982816239196,0.010443381499451954
2025-06-12,0.0020190832552744,-9.630065839362087e-05,-0.010635982816239196,0.010443381499451954
2025-06-13,-0.0037012051962958,-9.630065839362087e-05,-0.010635982816239196,0.010443381499451954
2025-06-16,-0.0021333066765689,-9.630065839362087e-05,-0.010635982816239196,0.010443381499451954
2025-06-17,0.0036345846247799,-9.630065839362087e-05,-0.010635982816239196,0.010443381499451954
2025-06-18,-0.0021194901061473,-9.630065839362087e-05,-0.010635982816239196,0.010443381499451954
2025-06-19,0.0021194901061473,-9.630065839362087e-05,-0.010635982816239196,0.010443381499451954
2025-06-20,-0.0002553424685308,-9.630065839362087e-05,-0.010635982816239196,0.010443381499451954
2025-06-23,0.0007977763628751,-9.630065839362087e-05,-0.010635982816239196,0.010443381499451954
2025-06-24,0.0021881741517073,-9.630065839362087e-05,-0.010635982816239196,0.010443381499451954
2025-06-25,-0.0080537503193697,-9.630065839362087e-05,-0.010635982816239196,0.010443381499451954
2025-06-26,0.0044183679428155,-9.630065839362087e-05,-0.010635982816239196,0.010443381499451954
2025-06-27,-0.0029434296764018,-9.630065839362087e-05,-0.010635982816239196,0.010443381499451954
2025-06-30,-0.0002029042823043,-9.630065839362087e-05,-0.010635982816239196,0.010443381499451954
2025-07-01,-0.0017855746689423,-9.630065839362087e-05,-0.010635982816239196,0.010443381499451954
2025-07-02,-0.0011029022326959,-9.630065839362087e-05,-0.010635982816239196,0.010443381499451954
2025-07-03,0.000824626867029,-9.630065839362087e-05,-0.010635982816239196,0.010443381499451954
2025-07-04,0.0005885484789664,-9.630065839362087e-05,-0.010635982816239196,0.010443381499451954
2025-07-07,0.0009303058487142,-9.630065839362087e-05,-0.010635982816239196,0.010443381499451954
2025-07-08,-8.549898922699887e-05,-9.630065839362087e-05,-0.010635982816239196,0.010443381499451954
2025-07-09,-0.0026222881705706,-9.630065839362087e-05,-0.010635982816239196,0.010443381499451954
2025-07-10,-0.0031128643900472,-9.630065839362087e-05,-0.010635982816239196,0.010443381499451954
2025-07-11,0.0022229375388968,-9.630065839362087e-05,-0.010635982816239196,0.010443381499451954
2025-07-14,-0.0015781232174357,-9.630065839362087e-05,-0.010635982816239196,0.010443381499451954
2025-07-15,3.227462943536924e-05,-9.630065839362087e-05,-0.010635982816239196,0.010443381499451954
2025-07-16,-0.0006340926632763,-9.630065839362087e-05,-0.010635982816239196,0.010443381499451954
2025-07-17,0.0018258593117896,-9.630065839362087e-05,-0.010635982816239196,0.010443381499451954
2025-07-18,0.000686563083866,-9.630065839362087e-05,-0.010635982816239196,0.010443381499451954
2025-07-21,-0.0008153221672598,-9.630065839362087e-05,-0.010635982816239196,0.010443381499451954
2025-07-22,0.0016406453091245,-9.630065839362087e-05,-0.010635982816239196,0.010443381499451954
2025-07-23,-0.0018230983900172,-9.630065839362087e-05,-0.010635982816239196,0.010443381499451954
2025-07-24,0.001051399134763,-9.630065839362087e-05,-0.010635982816239196,0.010443381499451954
2025-07-25,0.001938881112376,-9.630065839362087e-05,-0.010635982816239196,0.010443381499451954
2025-07-28,0.0006526626395427,-9.630065839362087e-05,-0.010635982816239196,0.010443381499451954
2025-07-29,-0.0038039924258232,-9.630065839362087e-05,-0.010635982816239196,0.010443381499451954
2025-07-30,-0.0011816309423051,-9.630065839362087e-05,-0.010635982816239196,0.010443381499451954
2025-07-31,-0.001053856478916,-9.630065839362087e-05,-0.010635982816239196,0.010443381499451954
2025-08-01,0.0002904806622504,-9.630065839362087e-05,-0.010635982816239196,0.010443381499451954
2025-08-04,0.0020201920323165,-9.630065839362087e-05,-0.010635982816239196,0.010443381499451954
2025-08-05,0.0035897017035653,-9.630065839362087e-05,-0.010635982816239196,0.010443381499451954
2025-08-06,-0.000620536288248,-9.630065839362087e-05,-0.010635982816239196,0.010443381499451954
2025-08-07,0.0061034577498477,-9.630065839362087e-05,-0.010635982816239196,0.010443381499451954
2025-08-08,0.0007231509157197,-9.630065839362087e-05,-0.010635982816239196,0.010443381499451954
2025-08-11,-0.0001913695507104,-9.630065839362087e-05,-0.010635982816239196,0.010443381499451954
2025-08-12,0.0028560255036272,-9.630065839362087e-05,-0.010635982816239196,0.010443381499451954
2025-08-13,-0.0020164261662739,-9.630065839362087e-05,-0.010635982816239196,0.010443381499451954
2025-08-14,0.001146642481971,-9.630065839362087e-05,-0.010635982816239196,0.010443381499451954
2025-08-15,-0.00159289672154,-9.630065839362087e-05,-0.010635982816239196,0.010443381499451954
2025-08-18,0.0034693392308231,-9.630065839362087e-05,-0.010635982816239196,0.010443381499451954
2025-08-19,-0.0022584684196377,-9.630065839362087e-05,-0.010635982816239196,0.010443381499451954
2025-08-20,-0.0017317948310134,-9.630065839362087e-05,-0.010635982816239196,0.010443381499451954
2025-08-21,-0.0038034619498217,-9.630065839362087e-05,-0.010635982816239196,0.010443381499451954
2025-08-22,0.0023455748169631,-9.630065839362087e-05,-0.010635982816239196,0.010443381499451954
2025-08-25,0.0003513304550983,-9.630065839362087e-05,-0.010635982816239196,0.010443381499451954
2025-08-26,-0.0032093932232174,-9.630065839362087e-05,-0.010635982816239196,0.010443381499451954
2025-08-27,-0.00097230399905,-9.630065839362087e-05,-0.010635982816239196,0.010443381499451954
2025-08-28,-0.0020117395103697,-9.630065839362087e-05,-0.010635982816239196,0.010443381499451954
2025-08-29,0.0029306349568004,-9.630065839362087e-05,-0.010635982816239196,0.010443381499451954
2025-09-01,-0.0004380068105298,-9.630065839362087e-05,-0.010635982816239196,0.010443381499451954
2025-09-02,0.0016014635626754,-9.630065839362087e-05,-0.010635982816239196,0.010443381499451954
2025-09-03,-0.0006189378312648,-9.630065839362087e-05,-0.010635982816239196,0.010443381499451954
2025-09-04,0.000458944993719,-9.630065839362087e-05,-0.010635982816239196,0.010443381499451954
2025-09-05,0.0013008210453736,-9.630065839362087e-05,-0.010635982816239196,0.010443381499451954
2025-09-08,-0.0025713068424559,-9.630065839362087e-05,-0.010635982816239196,0.010443381499451954
2025-09-09,-0.0032636894238734,-9.630065839362087e-05,-0.010635982816239196,0.010443381499451954
2025-09-10,0.0002036422587463,-9.630065839362087e-05,-0.010635982816239196,0.010443381499451954
2025-09-11,0.0015418760756209,-9.630065839362087e-05,-0.010635982816239196,0.010443381499451954
2025-09-12,-0.0007599507367502,-9.630065839362087e-05,-0.010635982816239196,0.010443381499451954
2025-09-15,0.0002569754375424,-9.630065839362087e-05,-0.010635982816239196,0.010443381499451954
2025-09-16,0.0005885547858953,-9.630065839362087e-05,-0.010635982816239196,0.010443381499451954
2025-09-17,-0.0019275676945784,-9.630065839362087e-05,-0.010635982816239196,0.010443381499451954
2025-09-18,-0.0007506106733584,-9.630065839362087e-05,-0.010635982816239196,0.010443381499451954
2025-09-19,0.0033412667700185,-9.630065839362087e-05,-0.010635982816239196,0.010443381499451954
