date,target_next_return
2015-03-31,-0.0035381512898522
2015-04-01,-0.0033104221616679
2015-04-02,0.0029271066606803
2015-04-03,0.0037305043223502
2015-04-06,-9.549491098513113e-05
2015-04-07,-0.0021985614175687
2015-04-08,-0.0029421199272752
2015-04-09,0.0001727471968055
2015-04-10,-0.0033064771396305
2015-04-13,-0.0053963806170847
2015-04-14,0.0025328775757973
2015-04-15,-0.0053439691046674
2015-04-16,-0.0011362915260092
2015-04-17,-0.0007875006730452
2015-04-20,-0.0014599354910002
2015-04-21,-0.0012767383786038
2015-04-22,0.014051445778756
2015-04-23,-0.0064056612579504
2015-04-24,0.0026483159392316
2015-04-27,0.0026990451833389
2015-04-28,0.0094850761241576
2015-04-29,-0.0036301479264785
2015-04-30,0.0013390525238522
2015-05-01,-0.00220066485129
2015-05-04,-0.0031659937042046
2015-05-05,-0.0036773041949899
2015-05-06,0.0023311559649434
2015-05-07,-0.0027555974286088
2015-05-08,0.0063189818469307
2015-05-11,-0.0014488050980851
2015-05-12,9.6026687023275e-05
2015-05-13,-0.0009605675151339
2015-05-14,0.0
2015-05-15,0.0065134863417754
2015-05-18,0.001145000825221
2015-05-19,-0.0041091351724108
2015-05-20,-0.0050880211701566
2015-05-21,0.0019230527171889
2015-05-22,-0.0041391965958597
2015-05-25,0.0005689196124295
2015-05-26,-0.001147827716845
2015-05-27,-0.0009463211280833
2015-05-28,-0.0014695443917302
2015-05-29,-0.0021307586799628
2015-06-01,0.001550113774031
2015-06-02,0.0073111001766619
2015-06-03,0.0109337986289316
2015-06-04,-0.0043056950868382
2015-06-05,-0.0030596201397674
2015-06-08,0.0019324431180435
2015-06-09,0.0037966301953309
2015-06-10,0.0038011531005229
2015-06-11,-0.0041820188851311
2015-06-12,-0.0065267256063296
2015-06-15,0.0050969866034226
2015-06-16,-0.0009543341786691
2015-06-17,-0.0004774519049946
2015-06-18,0.0008306696724253
2015-06-19,-0.004112396706173
2015-06-22,0.0017138911586867
2015-06-23,-0.0021644533377465
2015-06-24,0.0029486785389119
2015-06-25,0.0029495537231429
2015-06-26,-0.0163069656008873
2015-06-29,0.0061811953541549
2015-06-30,0.0021160030003516
2015-07-01,0.0058246940495005
2015-07-02,-0.0008409493357153
2015-07-03,-0.0078703252634255
2015-07-06,0.0038181277046953
2015-07-07,0.0003166908940311
2015-07-08,0.0043089372048834
2015-07-09,0.0017374237348574
2015-07-10,-0.0022725621581531
2015-07-13,-0.0016648950757355
2015-07-14,-0.0042222642873216
2015-07-15,0.0020174943712722
2015-07-16,-0.0002879970966182
2015-07-17,0.0006717498890401
2015-07-20,0.0012463232653071
2015-07-21,0.0037297906739994
2015-07-22,0.0008205641514469
2015-07-23,0.0052700418223232
2015-07-24,0.0018009935755024
2015-07-27,0.0103731840981997
2015-07-28,-0.0027312460151061
2015-07-29,-0.0014390530006966
2015-07-30,-0.0028936731178529
2015-07-31,0.0013206246142895
2015-08-03,0.0007538763738107
2015-08-04,0.00291590067663
2015-08-05,0.0026545261422414
2015-08-06,0.0037118809520382
2015-08-07,0.0060479421799633
2015-08-10,0.0050891419201858
2015-08-11,0.0068064250483049
2015-08-12,-0.0025699765594538
2015-08-13,0.0002757177016563
2015-08-14,-0.0042353881012925
2015-08-17,-0.0001844735433373
2015-08-18,-0.0051814464660633
2015-08-19,-0.003903696611764
2015-08-20,0.0035326192504859
2015-08-21,-9.28185184562756e-05
2015-08-24,0.0021971204480585
2015-08-25,0.0045549926078259
2015-08-26,-0.0053609600348447
2015-08-27,0.0060981638403732
2015-08-28,-0.0073964983429566
2015-08-31,0.0053679062146707
2015-09-01,0.0007381560853817
2015-09-02,0.0032229731720519
2015-09-03,-0.0039611292574336
2015-09-04,0.0004613701587232
2015-09-07,0.0046023602578977
2015-09-08,0.006499163630041
2015-09-09,-0.0018995802206182
2015-09-10,0.0039322285643626
2015-09-11,0.0007008577520208
2015-09-14,-0.0039203208068025
2015-09-15,0.003010054463933
2015-09-16,-0.0022065014582604
2015-09-17,0.0010217412064418
2015-09-18,-0.0020080396856429
2015-09-21,-0.0064161262576258
2015-09-22,-0.0026702326592166
2015-09-23,0.0099083418558637
2015-09-24,-0.0018823040813436
2015-09-25,0.003250739742947
2015-09-28,-0.0020990416893716
2015-09-29,-0.0018287992444445
2015-09-30,-0.0042281669026659
2015-10-01,0.004310538592032
2015-10-02,-0.0027401237232
2015-10-05,0.0021084703615834
2015-10-06,-0.0018331574457164
2015-10-07,0.0034527422053043
2015-10-08,-0.0030858855107762
2015-10-09,0.0020155824234387
2015-10-12,0.0006404656945362
2015-10-13,-0.0023809119186295
2015-10-14,-0.0011925851171276
2015-10-15,-0.0073706026337014
2015-10-16,0.0010258816459917
2015-10-19,0.0006464334975483
2015-10-20,0.0019737022107029
2015-10-21,0.0028061843490753
2015-10-22,-0.0090447843422502
2015-10-23,-0.0001854735117532
2015-10-26,0.0075842450778617
2015-10-27,0.0022889491428832
2015-10-28,-0.003228047543595
2015-10-29,0.0012059811931986
2015-10-30,0.0003127534567641
2015-11-02,9.210049655475092e-06
2015-11-03,-0.0009662016677313
2015-11-04,-0.0066506828244211
2015-11-05,0.0038018266242784
2015-11-06,-0.003616456235927
2015-11-09,2.7725274345273448e-05
2015-11-10,0.0001390566121146
2015-11-11,0.0004816336151019
2015-11-12,0.0016653788713709
2015-11-13,-0.0029997701948761
2015-11-16,0.0004171885959043
2015-11-17,0.000546667965302
2015-11-18,0.0071076919159738
2015-11-19,-0.0002391708448434
2015-11-20,-0.0021090640557701
2015-11-23,-0.0012084843461918
2015-11-24,-0.0006833534470083
2015-11-25,0.0025830160257614
2015-11-26,-8.292495543394288e-05
2015-11-27,0.0046147628570589
2015-11-30,-0.0025989449606036
2015-12-01,0.0025713926097686
2015-12-02,-0.0088531043237096
2015-12-03,0.0037036899945127
2015-12-04,-9.22109397885612e-05
2015-12-07,-0.0006732106038364
2015-12-08,-0.0022538179167919
2015-12-09,0.0016354018727479
2015-12-10,-0.0015151448797721
2015-12-11,-0.0009805547271194
2015-12-14,0.0026803513095184
2015-12-15,0.0
2015-12-16,-0.0036711451547962
2015-12-17,-0.001140141360465
2015-12-18,-4.632707301353865e-05
2015-12-21,0.0045806232466656
2015-12-22,-0.0012934166091935
2015-12-23,-0.0012025137456884
2015-12-24,0.0008788980294696
2015-12-25,0.0006009645038188
2015-12-28,0.0019389607850421
2015-12-29,1.8473365475842245e-05
2015-12-30,-0.0035298746406638
2015-12-31,0.0065232157826019
2016-01-01,-0.0024585312442113
2016-01-04,0.0004608173491265
2016-01-05,-0.0009680277949479
2016-01-06,0.001410296207461
2016-01-07,1.844648126833071e-05
2016-01-08,-0.000433033059555
2016-01-11,0.0019883402433723
2016-01-12,0.0001011822927027
2016-01-13,0.0067815838148766
2016-01-14,-0.003201745111121
2016-01-15,0.0021965242618914
2016-01-18,0.0008225087655073
2016-01-19,-9.136856227578428e-05
2016-01-20,-0.0010053875208749
2016-01-21,0.0008227342744844
2016-01-22,0.0024731678706914
2016-01-25,0.0014572307176039
2016-01-26,0.0055638539292915
2016-01-27,0.0011759286998685
2016-01-28,0.0024830728447076
2016-01-29,-8.116825091663138e-05
2016-02-01,0.0019820605046462
2016-02-02,0.0012594344633305
2016-02-03,0.0024690096757301
2016-02-04,-0.0025589243516931
2016-02-05,-0.0052642706252672
2016-02-08,-0.0017186259108265
2016-02-09,-0.0055925090271996
2016-02-10,-0.0004552782062911
2016-02-11,0.0020927389816797
2016-02-12,-0.0021838412194643
2016-02-15,0.0033647263533831
2016-02-16,-0.0002724381723185
2016-02-17,0.0025123393424454
2016-02-18,-0.0007430866630895
2016-02-19,-0.0013153384896988
2016-02-22,0.0003358114969315
2016-02-23,-0.0086300399615987
2016-02-24,-0.0029330313412207
2016-02-25,0.001889105303263
2016-02-26,-0.0025502601809789
2016-02-29,-0.0022806141976337
2016-03-01,-0.0023043074752414
2016-03-02,-0.0005537939787015
2016-03-03,0.003042243206301
2016-03-04,0.0059560785028436
2016-03-07,0.0031152932715342
2016-03-08,-0.0002737305924077
2016-03-09,0.0005473862768824
2016-03-10,0.0033682936873157
2016-03-11,-0.0028395686646591
2016-03-14,-0.0014410932097893
2016-03-15,0.0007299393852289
2016-03-16,0.0004467719173268
2016-03-17,-0.0023274664315189
2016-03-18,-0.001225152531573
2016-03-21,-0.0021982428266666
2016-03-22,0.0008249210974645
2016-03-23,-0.0010908983311409
2016-03-24,-0.0005320573997253
2016-03-25,0.0018060942238841
2016-03-28,-0.0010905891397972
2016-03-29,0.0005408544987931
2016-03-30,0.0024075069238012
2016-03-31,-0.0001188098049354
2016-04-01,-0.0011071355634386
2016-04-04,-0.0004486127789508
2016-04-05,-0.0031186671081122
2016-04-06,0.001000813223689
2016-04-07,-0.0021958101592384
2016-04-08,2.752126442721012e-05
2016-04-11,0.0014797694716061
2016-04-12,-0.0011210754909471
2016-04-13,0.0020941232840476
2016-04-14,-0.00100983470187
2016-04-15,0.0024768075879077
2016-04-18,-0.0006966039094416
2016-04-19,0.0016122885098389
2016-04-20,0.004657340897575
2016-04-21,0.0025841601460143
2016-04-22,-0.0014459336915001
2016-04-25,-0.0003185641550692
2016-04-26,0.001182711596886
2016-04-27,-1.8209986508901757e-05
2016-04-28,-0.002257461617669
2016-04-29,0.0012750400937349
2016-05-02,0.0020003710417635
2016-05-03,-0.0035488922238456
2016-05-04,0.0023672547265925
2016-05-05,0.0036311475467864
2016-05-06,0.003617902375789
2016-05-09,-0.0017801439685109
2016-05-10,0.003313856827373
2016-05-11,-9.016596185143415e-05
2016-05-12,-0.004336799314437
2016-05-13,-0.0003169629962525
2016-05-16,0.002126239954464
2016-05-17,0.0020766780798098
2016-05-18,-0.0001804376553551
2016-05-19,0.0011630254694309
2016-05-20,0.0018095044083835
2016-05-23,-0.0018545127593738
2016-05-24,-0.0035566862172072
2016-05-25,-2.7166891064682195e-05
2016-05-26,0.0012020753163041
2016-05-27,-0.001898640611227
2016-05-30,0.0001810091231163
2016-05-31,0.000470384191342
2016-06-01,0.000117507584495
2016-06-02,-0.001330151134434
2016-06-03,0.0031641738755216
2016-06-06,-0.0049587042496942
2016-06-07,-0.0057311712653528
2016-06-08,-0.0030151711477042
2016-06-09,-0.0016210235232168
2016-06-10,-0.0063720486103391
2016-06-13,0.0023125638593191
2016-06-14,-0.0061387280820906
2016-06-15,0.0020720599040405
2016-06-16,0.0038734545615836
2016-06-17,0.0023903243731713
2016-06-20,-0.0003673284038764
2016-06-21,-0.0058041452550154
2016-06-22,0.0041492214087532
2016-06-23,0.0026648345073458
2016-06-24,-0.0146055466297014
2016-06-27,0.0036158013129325
2016-06-28,0.0072201779499846
2016-06-29,0.0033932822526815
2016-06-30,-0.004775971759128
2016-07-01,0.0002767348624476
2016-07-04,-0.0021602791869912
2016-07-05,-0.0012575965361779
2016-07-06,0.0011097390264769
2016-07-07,0.0009239160930006
2016-07-08,0.0026744187605999
2016-07-11,0.0007364153653816
2016-07-12,0.0066317837524731
2016-07-13,-0.0015187462799972
2016-07-14,-0.0021631611751804
2016-07-15,-0.0021035040886644
2016-07-18,0.0003676931374268
2016-07-19,-0.0018400387171971
2016-07-20,0.0007733010820424
2016-07-21,-0.0002301610863495
2016-07-22,-0.0023773324383856
2016-07-25,-0.0003229498105109
2016-07-26,0.0058339495369719
2016-07-27,0.000100838060613
2016-07-28,-0.0038513085803612
2016-07-29,-0.0029513181814742
2016-08-01,-0.0013402734846019
2016-08-02,0.0011184877362132
2016-08-03,0.0021596013693524
2016-08-04,-0.0004794840922274
2016-08-05,0.0026894794755055
2016-08-08,0.0020400049686682
2016-08-09,0.0015593729563503
2016-08-10,-0.0016236107662766
2016-08-11,-0.0030157183696083
2016-08-12,0.0019226055442849
2016-08-15,-7.351564815652813e-05
2016-08-16,-0.0033326084232004
2016-08-17,0.001704457373185
2016-08-18,-0.002784013616023
2016-08-19,0.0029773636484371
2016-08-22,0.0027941305426971
2016-08-23,-0.0007253662708826
2016-08-24,0.0005418579357026
2016-08-25,0.0020358545581161
2016-08-26,0.0031101609112064
2016-08-29,-0.0005481174676806
2016-08-30,0.0016799931723047
2016-08-31,0.0011396121628782
2016-09-01,-0.0001001598974293
2016-09-02,-0.0033502666131383
2016-09-05,-0.0007043003665917
2016-09-06,-0.001336797248843
2016-09-07,-0.0014120875776917
2016-09-08,0.0048512649595429
2016-09-09,0.0005476971962389
2016-09-12,-0.0033823820314876
2016-09-13,0.0033276584478562
2016-09-14,-0.0010958634405883
2016-09-15,-0.0020119708875073
2016-09-16,0.0007046612721842
2016-09-19,0.002184139948557
2016-09-20,-0.0031269643922359
2016-09-21,-0.0026957841790522
2016-09-22,-0.0026203207665697
2016-09-23,0.0028039722399309
2016-09-26,0.0007524217767448
2016-09-27,-0.0013309615159281
2016-09-28,0.0004867182184853
2016-09-29,-0.0049239588614681
2016-09-30,0.0073173173714075
2016-10-03,-0.0002106400763472
2016-10-04,0.0046794095374411
2016-10-05,-0.0046794095374412
2016-10-06,0.0008882310307617
2016-10-07,0.0017558003631383
2016-10-10,-0.0004752204030233
2016-10-11,-0.0012623585796158
2016-10-12,-0.0020798162073198
2016-10-13,-0.0002109318356282
2016-10-14,-0.0036394211428707
2016-10-17,0.0017754054813037
2016-10-18,-0.0014163416901813
2016-10-19,-0.0009485283347282
2016-10-20,-0.0005252004321668
2016-10-21,-0.0029723936992172
2016-10-24,-0.0009249586266664
2016-10-25,0.0020521869465122
2016-10-26,0.0008123054481694
2016-10-27,-0.0007569350446489
2016-10-28,0.0015593491467715
2016-10-31,0.0005990267642589
2016-11-01,-0.0067025479471585
2016-11-02,0.0014181600201104
2016-11-03,0.0017953936230687
2016-11-04,-0.0001479313424899
2016-11-07,-0.0046902354982812
2016-11-08,0.0025239869185702
2016-11-09,-0.0036488172598386
2016-11-10,-8.372022524213319e-05
2016-11-11,-0.0036345513534518
2016-11-14,0.0004666670831263
2016-11-15,0.0020415819093688
2016-11-16,-0.0020135487617272
2016-11-17,-0.0017465633352555
2016-11-18,0.0001402875160954
2016-11-21,0.0019701904411548
2016-11-22,0.0025432572670374
2016-11-23,-0.0019744055456232
2016-11-24,0.0007827675129247
2016-11-25,0.0008473997303087
2016-11-28,0.0005489722714978
2016-11-29,0.0020351880289465
2016-11-30,-0.0001114508931862
2016-12-01,0.0004270319117703
2016-12-02,-0.0042968806366946
2016-12-05,0.0094806150282125
2016-12-06,-0.0005263499591232
2016-12-07,0.0006832875588108
2016-12-08,-0.004051498381793
2016-12-09,-0.0048872961044424
2016-12-12,0.0040805962741642
2016-12-13,-0.002544956198573
2016-12-14,-0.0007907692689046
2016-12-15,-0.0015741934622683
2016-12-16,-0.0002050484718986
2016-12-19,-0.0035493812101024
2016-12-20,0.0003087061056538
2016-12-21,0.0012526940099969
2016-12-22,9.343503095468924e-05
2016-12-23,0.0017826129795784
2016-12-26,0.0009507544502745
2016-12-27,0.0013778054568966
2016-12-28,-0.003690878905246
2016-12-29,0.0039978104032735
2016-12-30,-0.0029152121532185
2017-01-02,-0.0009238788503709
2017-01-03,-0.0019624988223292
2017-01-04,0.0018597681737074
2017-01-05,-0.0001960300089148
2017-01-06,0.0006627406621279
2017-01-09,0.0019952506066624
2017-01-10,-0.0005869807617192
2017-01-11,0.0002609352170651
2017-01-12,-0.000726988925244
2017-01-13,0.0007269889252441
2017-01-16,-0.0011560080805421
2017-01-17,0.0006434041681506
2017-01-18,-0.0015673261863326
2017-01-19,0.0014927578671319
2017-01-20,-0.0003822638301643
2017-01-23,0.0007085008446911
2017-01-24,0.0008664113579239
2017-01-25,0.0001954550871575
2017-01-26,-0.0056388983633248
2017-01-27,0.0005428240607354
2017-01-30,-0.0036653432921659
2017-01-31,0.0033004060679723
2017-02-01,0.000842133491669
2017-02-02,-0.001151056342207
2017-02-03,0.0018055343458175
2017-02-06,-0.0045810763427546
2017-02-07,0.0002910942146806
2017-02-08,-0.001108311863777
2017-02-09,0.0029557514836854
2017-02-10,-0.0006466907103146
2017-02-13,-0.0008910577211445
2017-02-14,-0.0011172636510654
2017-02-15,0.0011266602948079
2017-02-16,-0.0013803506934158
2017-02-17,0.0003851584682379
2017-02-20,-0.0002442487467797
2017-02-21,-0.0004510258393492
2017-02-22,0.0026284562140143
2017-02-23,-0.0016889925239886
2017-02-24,-0.0002347831924605
2017-02-27,0.0035724317554575
2017-02-28,-0.0042395750204255
2017-03-01,0.0004323049364148
2017-03-02,0.0002911599710549
2017-03-03,0.0053115291899767
2017-03-06,0.0002801806403931
2017-03-07,0.0001308205909912
2017-03-08,-0.0011961701262001
2017-03-09,0.0011681147261349
2017-03-10,0.00794411181718
2017-03-13,-0.0058076979742215
2017-03-14,-0.0017255699403291
2017-03-15,0.0023404023467926
2017-03-16,-0.0006334965265157
2017-03-17,-0.0014176020356013
2017-03-20,0.0008863062164124
2017-03-21,0.0014815011697805
2017-03-22,-0.0032733846617261
2017-03-23,0.0004388666223203
2017-03-24,0.0006627220336252
2017-03-27,-0.0009989242586433
2017-03-28,0.002276395138197
2017-03-29,-0.0007737132597138
2017-03-30,-0.0029420585086507
2017-03-31,0.0001308975245958
2017-04-03,-0.0005331745719853
2017-04-04,0.00090726416813
2017-04-05,0.001429302248582
2017-04-06,-0.0010273899339305
2017-04-07,-0.0018427470902776
2017-04-10,9.36353466416302e-05
2017-04-11,0.0002621100228795
2017-04-12,0.0006455531894325
2017-04-13,-0.0016568799106917
2017-04-14,-0.0009466172105358
2017-04-17,0.0022760882207209
2017-04-18,2.8106059779926325e-05
2017-04-19,0.0002618391336888
2017-04-20,0.0010284042387575
2017-04-21,0.008744820504589
2017-04-24,0.0021003493889733
2017-04-25,0.0034048672928517
2017-04-26,-0.0020286108591959
2017-04-27,-0.0029117626211387
2017-04-28,0.0037606414602955
2017-05-01,0.0016126215047795
2017-05-02,-0.0022676399525166
2017-05-03,-0.0011081071430754
2017-05-04,0.0003880377396667
2017-05-05,0.002296841498753
2017-05-08,0.0048073894358365
2017-05-09,0.0048481381237364
2017-05-10,0.0006842315353165
2017-05-11,-0.0015515030827114
2017-05-12,-0.0010234311039515
2017-05-15,-0.000466365191141
2017-05-16,-0.0011899000223098
2017-05-17,0.0003296391223723
2017-05-18,-0.0037605088572161
2017-05-19,0.001680216180046
2017-05-22,0.0032148610832092
2017-05-23,-0.0018946483722095
2017-05-24,0.0005036912441014
2017-05-25,-0.0010352825378673
2017-05-26,-0.0012657692505546
2017-05-29,0.0002019569260968
2017-05-30,0.0003211216008775
2017-05-31,-0.0017904519800894
2017-06-01,0.0009644710151483
2017-06-02,-0.0028594378594005
2017-06-05,8.28654045148112e-05
2017-06-06,-0.0012712847990621
2017-06-07,0.0008385529182258
2017-06-08,-0.0015763005941733
2017-06-09,0.0012906740166389
2017-06-12,-0.0003962346664014
2017-06-13,0.0008659763083563
2017-06-14,0.0030068020656439
2017-06-15,-0.0019850691982828
2017-06-16,0.002994551724069
2017-06-19,-0.0024060371045645
2017-06-20,-0.0020523123961318
2017-06-21,0.0004328434941982
2017-06-22,-0.0022217637490982
2017-06-23,0.0017335660234995
2017-06-26,0.0017858244951149
2017-06-27,0.0014428764844128
2017-06-28,0.0028612917123887
2017-06-29,0.0009519111063883
2017-06-30,0.0019741471556347
2017-07-03,5.4857411560135384e-05
2017-07-04,-7.30350351345183e-05
2017-07-05,-0.0009318552318525
2017-07-06,0.0025648893609352
2017-07-07,0.0014848701072717
2017-07-10,0.0
2017-07-11,0.0059806317054034
2017-07-12,-0.0030266858019941
2017-07-13,0.0007710981977052
2017-07-14,0.0023460807005846
2017-07-17,-0.0003981661540287
2017-07-18,-0.0015762045981703
2017-07-19,-0.0022415412713219
2017-07-20,0.0051654338250347
2017-07-21,-0.0025975848104196
2017-07-24,-0.0007523968548941
2017-07-25,0.0060218672871257
2017-07-26,0.0058155322903983
2017-07-27,0.0094819673034722
2017-07-28,0.0107024744157685
2017-07-31,0.0045569592528014
2017-08-01,-0.0031263449669286
2017-08-02,0.0087586466727977
2017-08-03,-0.0002434894696097
2017-08-04,-0.0037725824792124
2017-08-07,0.0027110679612878
2017-08-08,-0.0043185424843464
2017-08-09,-0.0092493573377168
2017-08-10,-0.0010330423402453
2017-08-11,0.0056024449813739
2017-08-14,0.0058420525658728
2017-08-15,-0.0030261894002453
2017-08-16,-0.0045830646326816
2017-08-17,-0.008190895262191
2017-08-18,0.0071520292182565
2017-08-21,0.0012324976215488
2017-08-22,0.0023200313374311
2017-08-23,0.0008598699679772
2017-08-24,-0.0012813412732716
2017-08-25,0.0026397691246334
2017-08-28,-0.0020340449711776
2017-08-29,0.003906613081571
2017-08-30,0.0016420761610307
2017-08-31,-0.0027004933002375
2017-09-01,-0.0009718186427282
2017-09-04,-0.0012007601798201
2017-09-05,-0.0027401214147583
2017-09-06,0.0023716215407241
2017-09-07,0.0019809187817457
2017-09-08,-0.002964005223672
2017-09-11,0.0042240283178103
2017-09-12,0.0049723069656866
2017-09-13,-0.0032334786063317
2017-09-14,0.0005061645275921
2017-09-15,0.0005408394477713
2017-09-18,0.002708423645818
2017-09-19,0.0037328039345644
2017-09-20,-0.0008581048232793
2017-09-21,0.0049654311754165
2017-09-22,-0.0009323212575858
2017-09-25,-0.0106283743519495
2017-09-26,-0.0027272982905748
2017-09-27,-0.0005428662206099
2017-09-28,0.0014703068889604
2017-09-29,0.0007605434051915
2017-10-02,-0.0009442526879585
2017-10-03,-0.0001399419733207
2017-10-04,0.0030571580725542
2017-10-05,-0.0007590437910828
2017-10-06,0.0021622457024209
2017-10-09,0.0017228920480603
2017-10-10,0.001034030914581
2017-10-11,0.0027581195904901
2017-10-12,-0.0010052390313731
2017-10-13,-0.0018223556376524
2017-10-16,-0.0008601926516547
2017-10-17,0.0006604378554385
2017-10-18,0.0052076935958936
2017-10-19,-0.0003544721385437
2017-10-20,0.0019778731828932
2017-10-23,-0.0013296141508386
2017-10-24,0.0066220723508869
2017-10-25,0.0032476504091746
2017-10-26,-0.0064111411276355
2017-10-27,-0.0028626201290556
2017-10-30,0.0008113080628641
2017-10-31,0.0029033749742291
2017-11-01,0.0028692008855089
2017-11-02,-0.000617834318131
2017-11-03,-0.002784885350718
2017-11-06,-0.0027926626009249
2017-11-07,-0.0003540192438197
2017-11-08,0.0009234802277821
2017-11-09,-0.0013552651648258
2017-11-10,0.003922655396442
2017-11-13,9.466956508249897e-05
2017-11-14,0.0039412851068916
2017-11-15,0.0
2017-11-16,0.0026615776980779
2017-11-17,-0.0078167071404643
2017-11-20,0.004177705824608
2017-11-21,-0.0023704065170081
2017-11-22,-0.0024104589909388
2017-11-23,0.0026512061260808
2017-11-24,0.0050760959561361
2017-11-27,-0.0008641614683586
2017-11-28,-0.0018764492098637
2017-11-29,0.0006001602992394
2017-11-30,0.0033798990747627
2017-12-01,-0.0051986583795933
2017-12-04,0.0033946108317908
2017-12-05,-0.0003766104259686
2017-12-06,-0.0003939039963286
2017-12-07,0.0028137360478653
2017-12-08,-0.0022486000830282
2017-12-11,-0.0007363626266248
2017-12-12,-0.0028650660122005
2017-12-13,0.001999499077999
2017-12-14,-0.0017246826907826
2017-12-15,-0.0003951491222229
2017-12-18,-0.0022018273237973
2017-12-19,0.0043988172531879
2017-12-20,0.0041831639640756
2017-12-21,0.0005462305321181
2017-12-22,0.0002132632782905
2017-12-25,0.0014576569568284
2017-12-26,-0.0004345852092796
2017-12-27,-0.0003323377962312
2017-12-28,-0.0038519293021186
2017-12-29,0.0010264112384847
2018-01-01,0.0006836553915878
2018-01-02,0.0010842714390969
2018-01-03,0.001355897675532
2018-01-04,0.0020771415424229
2018-01-05,-0.001889729505542
2018-01-08,-0.0033112365430977
2018-01-09,0.0032175857042347
2018-01-10,-0.0040044033388347
2018-01-11,0.0050774088778275
2018-01-12,0.00470450381162
2018-01-15,0.0010077067752995
2018-01-16,-0.0039857793376326
2018-01-17,-0.0009350802018262
2018-01-18,-0.002009217783065
2018-01-19,0.0041841824522412
2018-01-22,0.0006447435547353
2018-01-23,-0.0012815006731517
2018-01-24,-0.0043147471785153
2018-01-25,-0.0046162346323799
2018-01-26,-0.0058865441529123
2018-01-29,0.0001982772080064
2018-01-30,-0.0006465491334356
2018-01-31,-0.0027889958065446
2018-02-01,0.001598383809066
2018-02-02,0.0003021069720372
2018-02-05,-0.0061550906321671
2018-02-06,0.0063967310850037
2018-02-07,-0.0021074977464257
2018-02-08,-0.0088062449390401
2018-02-09,0.0042130391146713
2018-02-12,0.0030876038372108
2018-02-13,0.0004328503105273
2018-02-14,0.0008132805807647
2018-02-15,-0.0028061106076549
2018-02-16,-0.0019098950603129
2018-02-19,0.0012939113393755
2018-02-20,0.0023231576941407
2018-02-21,-0.0017939223967811
2018-02-22,-0.0024403083095717
2018-02-23,0.0010863061142345
2018-02-26,0.0039181217867354
2018-02-27,-0.0060396192056345
2018-02-28,0.0022604379160429
2018-03-01,0.0032427368961056
2018-03-02,-0.0013340017538362
2018-03-05,0.0048940090220865
2018-03-06,0.0047842186081027
2018-03-07,0.0052056964169841
2018-03-08,-8.541491470746043e-05
2018-03-09,-0.0005039845076199
2018-03-12,-0.0013253802954068
2018-03-13,0.0004619369168103
2018-03-14,-0.0004961062897028
2018-03-15,0.0018549821020872
2018-03-16,-0.0006834860579447
2018-03-19,0.0026715032832342
2018-03-20,-0.0021075502930231
2018-03-21,0.0003843080016806
2018-03-22,-0.0040467580694161
2018-03-23,0.0030643665449425
2018-03-26,0.0058373834033426
2018-03-27,-0.0021520111623635
2018-03-28,0.0027466146471132
2018-03-29,-0.0010196092064355
2018-03-30,-0.0008163756912729
2018-04-02,-0.0011661608908486
2018-04-03,0.0022290517700176
2018-04-04,0.0024445339064869
2018-04-05,-0.0008056847868972
2018-04-06,-0.0012394674822404
2018-04-09,0.0008151832859954
2018-04-10,0.0034909898442203
2018-04-11,0.0019097749726104
2018-04-12,0.0015185259019858
2018-04-13,0.0011541454098181
2018-04-16,0.0004293009715571
2018-04-17,0.0065515670020898
2018-04-18,0.0023467633823213
2018-04-19,0.0004420148392499
2018-04-20,-0.0013599736924635
2018-04-23,-0.0029684597759872
2018-04-24,0.0030519635049151
2018-04-25,-0.0015791918528455
2018-04-26,0.0013537456438287
2018-04-27,0.0002338061506844
2018-04-30,-0.0008603456340054
2018-05-01,-0.0014883594785985
2018-05-02,-0.000753447030697
2018-05-03,0.0013222975541375
2018-05-04,0.0002926763448192
2018-05-07,-0.000434858641907
2018-05-08,-0.0060491717926828
2018-05-09,0.0024374917288325
2018-05-10,0.0032686044776432
2018-05-11,0.0
2018-05-14,-0.0014234245540421
2018-05-15,-0.0082288786006978
2018-05-16,-0.0012849522591721
2018-05-17,-0.0007616723625641
2018-05-18,-0.0058587067584926
2018-05-21,0.0008512485602086
2018-05-22,-0.0050326590811826
2018-05-23,-0.0044136600550441
2018-05-24,-0.0018484401597742
2018-05-25,-0.0022397964649055
2018-05-28,-0.0039059006617033
2018-05-29,-0.0104353496920181
2018-05-30,0.0088930832529104
2018-05-31,-0.001397125909609
2018-06-01,0.0016571775637824
2018-06-04,0.002251536991458
2018-06-05,-0.0017315331838058
2018-06-06,0.0066497811826
2018-06-07,-0.0044858843018252
2018-06-08,0.003314550638712
2018-06-11,0.0007150370389959
2018-06-12,-0.0015943614423946
2018-06-13,0.0023087849878026
2018-06-14,-0.0077833810308964
2018-06-15,0.0030393698077801
2018-06-18,-0.0003026555782032
2018-06-19,-0.0036477218454233
2018-06-20,0.0010410543036176
2018-06-21,-0.002117998557456
2018-06-22,0.0009988162989385
2018-06-25,0.0026268194750339
2018-06-26,-0.0005282819639106
2018-06-27,-0.0015258098230275
2018-06-28,0.0007631959234376
2018-06-29,0.0025196174855413
2018-07-02,-8.649336076065042e-05
2018-07-03,0.0001556620474951
2018-07-04,0.0006828741423972
2018-07-05,0.0034591320488636
2018-07-06,0.001136035046352
2018-07-09,0.0024655315732723
2018-07-10,-0.0013307856382098
2018-07-11,-0.0013068174914129
2018-07-12,0.0062690496049455
2018-07-13,0.0006152665455021
2018-07-16,-0.0028234174373651
2018-07-17,-0.0012002383930134
2018-07-18,-0.0022586418587153
2018-07-19,0.0007477123047446
2018-07-20,-0.000317950174642
2018-07-23,-0.0018924801401695
2018-07-24,-0.0005167344612741
2018-07-25,0.0020654401710532
2018-07-26,-0.0051024489763731
2018-07-27,0.0015282968396981
2018-07-30,-0.0018134641054177
2018-07-31,0.0005444052198548
2018-08-01,-0.000777812500903
2018-08-02,-0.0030044258060719
2018-08-03,-0.0029440139330559
2018-08-06,0.0014426538875129
2018-08-07,0.0027925690289172
2018-08-08,-0.0014733665189245
2018-08-09,-0.0066046382137036
2018-08-10,-0.0108053322346807
2018-08-13,-0.0005296436668047
2018-08-14,-0.0041321668922717
2018-08-15,-0.001100074637234
2018-08-16,0.0064676757101631
2018-08-17,0.0038728115394241
2018-08-20,-0.0001053596320046
2018-08-21,0.0010713019729042
2018-08-22,-0.0002633748419423
2018-08-23,-0.0008606111100014
2018-08-24,0.0052666886639172
2018-08-27,0.0001136671045966
2018-08-28,-0.0022573188199573
2018-08-29,-0.0046355065130452
2018-08-30,-0.0057804501808225
2018-08-31,-0.0048175182706271
2018-09-03,0.0010488205810556
2018-09-04,0.0024667141136442
2018-09-05,0.0012842579153426
2018-09-06,-0.0070969868212271
2018-09-07,-0.0017308095252431
2018-09-10,0.0090667498011097
2018-09-11,-0.0015054629306556
2018-09-12,-0.0004076596966611
2018-09-13,0.0015590502426139
2018-09-14,-0.004693579270856
2018-09-17,-0.0009966548821574
2018-09-18,0.0019211407557567
2018-09-19,0.0033707704014394
2018-09-20,-0.0001240465768507
2018-09-21,-0.0027581216723469
2018-09-24,0.0066297678265199
2018-09-25,0.0014194199514547
2018-09-26,-0.0011547417592085
2018-09-27,0.0026952622034971
2018-09-28,0.0017576787707761
2018-10-01,-0.0002283225614122
2018-10-02,-0.0019252784151418
2018-10-03,0.0015827491647324
2018-10-04,0.0031666683630515
2018-10-05,0.0004027086963302
2018-10-08,-0.0015507650347703
2018-10-09,0.0002893842860072
2018-10-10,-0.0009735169064328
2018-10-11,0.0068031103922854
2018-10-12,-0.0026702138340538
2018-10-15,-0.0010840998583609
2018-10-16,0.0027864582231052
2018-10-17,-0.0017897556593069
2018-10-18,-0.003291129174723
2018-10-19,0.0052989211367425
2018-10-22,-0.0040548008695333
2018-10-23,-0.0006393624094681
2018-10-24,-0.0043643721763646
2018-10-25,0.0007302220202466
2018-10-26,-0.0001143798602531
2018-10-29,0.0022402381249485
2018-10-30,0.0007543780477584
2018-10-31,0.0001666100677099
2018-11-01,0.0019181958411434
2018-11-02,-0.0003237395482596
2018-11-05,0.0032160468626958
2018-11-06,-0.000453807606475
2018-11-07,-6.993089955844554e-05
2018-11-08,-0.0018435886473526
2018-11-09,-0.0037942071610294
2018-11-12,-0.0047167471656752
2018-11-13,0.0036187233618766
2018-11-14,6.149858217302767e-05
2018-11-15,0.0020368485821589
2018-11-16,0.0003770451174909
2018-11-19,-0.0027478335310295
2018-11-20,-0.005553936552117
2018-11-21,0.0008836677683168
2018-11-22,0.0015885107086655
2018-11-23,-0.0029672851582343
2018-11-26,0.0004775075588048
2018-11-27,-0.0028063291643038
2018-11-28,0.0010543522578435
2018-11-29,0.0047708028890569
2018-11-30,-0.0017643736635502
2018-12-03,0.0004326005796712
2018-12-04,-0.0016340457018983
2018-12-05,5.30043872056392e-05
2018-12-06,-0.0014153272087409
2018-12-07,-0.0012576745957754
2018-12-10,-0.0040231065235732
2018-12-11,0.0006494333063873
2018-12-12,0.0038698152399601
2018-12-13,0.0002302944003603
2018-12-14,-0.0012584490306637
2018-12-17,-0.0009581037408703
2018-12-18,0.0020306107972479
2018-12-19,0.0025831945664658
2018-12-20,-0.0011138131194443
2018-12-21,-0.000398128915392
2018-12-24,-0.0032794338451038
2018-12-25,-0.0007015954623004
2018-12-26,0.0035738774618391
2018-12-27,-0.0011780758898899
2018-12-28,-0.0027334881488432
2018-12-31,0.0061752260150754
2019-01-01,-0.0059352958129567
2019-01-02,-0.0058009060624218
2019-01-03,0.0049120815410161
2019-01-04,0.0001955710322605
2019-01-07,-0.0005958423738562
2019-01-08,-0.0005784762960315
2019-01-09,0.0017254217880637
2019-01-10,0.0061834675501201
2019-01-11,-0.0040885316285695
2019-01-14,-0.0019438885838117
2019-01-15,0.0014472448836243
2019-01-16,0.0010729148613787
2019-01-17,0.0034150834184574
2019-01-18,-0.0008482521885169
2019-01-21,0.0023398217633431
2019-01-22,-0.0008117388947851
2019-01-23,-0.000565072226981
2019-01-24,-0.0054637177304374
2019-01-25,0.0056933003883865
2019-01-28,0.000697267003694
2019-01-29,0.0034790608909368
2019-01-30,0.0033881350903417
2019-01-31,-0.0029397360032468
2019-02-01,0.0021157326622821
2019-02-04,0.0008240033409647
2019-02-05,-0.0005433374994007
2019-02-06,-0.0013073088048351
2019-02-07,-0.0022762819383435
2019-02-08,-0.004365031190984
2019-02-11,0.0007421291294548
2019-02-12,0.0069871934120764
2019-02-13,-0.0034522992652324
2019-02-14,-0.0011622419150125
2019-02-15,-0.0004229112491454
2019-02-18,0.0014708047334553
2019-02-19,-0.0007043178774439
2019-02-20,-0.0005198194127933
2019-02-21,5.293942481086812e-05
2019-02-22,-0.000828655251196
2019-02-25,0.0022461580715134
2019-02-26,0.0021006710664249
2019-02-27,-0.0003161439343812
2019-02-28,-0.0038278187098258
2019-03-01,0.001444837217245
2019-03-04,-0.0029712347081993
2019-03-05,0.0027334952285078
2019-03-06,0.0005018631591066
2019-03-07,-0.0037300018658898
2019-03-08,0.0001413215908887
2019-03-11,0.0046354641165158
2019-03-12,-0.0002198155036642
2019-03-13,-0.0003605936696325
2019-03-14,-0.0017522863764215
2019-03-15,-7.932122468359535e-05
2019-03-18,0.0002732377508447
2019-03-19,-0.0007316380385778
2019-03-20,-0.0014559362098882
2019-03-21,-0.003848578710717
2019-03-22,-0.0047983578602205
2019-03-25,0.000142484611213
2019-03-26,-0.0021039755156907
2019-03-27,-0.0011697967698575
2019-03-28,-0.0017796191187121
2019-03-29,-0.0003581614913301
2019-04-01,0.0025933432905343
2019-04-02,-0.0013494006292666
2019-04-03,0.0029022695647684
2019-04-04,0.0006328173541708
2019-04-05,-0.0003119485675663
2019-04-08,0.0024929740510379
2019-04-09,0.0013328222377015
2019-04-10,0.0035104049613947
2019-04-11,-0.000832129642835
2019-04-12,0.0034481110096139
2019-04-15,0.0013582284348844
2019-04-16,0.002192317003169
2019-04-17,0.0039935805148768
2019-04-18,-0.0012534434499276
2019-04-19,0.0003682757893079
2019-04-22,0.0023294428318733
2019-04-23,0.0015382922491497
2019-04-24,-0.0060971293529566
2019-04-25,-0.0018909300520022
2019-04-26,0.0005192478273291
2019-04-29,0.0034170078226883
2019-04-30,0.0022248441582791
2019-05-01,-0.0029968172455339
2019-05-02,-0.0005354605101296
2019-05-03,-0.0017489139225477
2019-05-06,0.0023194199890274
2019-05-07,0.0012015808614836
2019-05-08,0.0013926659782108
2019-05-09,-0.0029804434394879
2019-05-10,-0.0033239340162475
2019-05-13,-0.0053962348970003
2019-05-14,0.0009648550427156
2019-05-15,-0.000407079775798
2019-05-16,-0.0012487502772183
2019-05-17,-2.6622068365146796e-05
2019-05-20,-0.0020403858239543
2019-05-21,0.0022353866210543
2019-05-22,-0.0026794633500706
2019-05-23,-0.0033549408645963
2019-05-24,0.0009176931878232
2019-05-27,0.0007834087551756
2019-05-28,0.001031757622252
2019-05-29,-0.0017973306874472
2019-05-30,-0.0018184347360187
2019-05-31,-0.0035661232786823
2019-06-03,-0.0005822066479104
2019-06-04,0.0005642746607354
2019-06-05,-0.0004477634961159
2019-06-06,0.0013069632513416
2019-06-07,0.0025375431116679
2019-06-10,-0.0009642405873704
2019-06-11,0.0041093261147925
2019-06-12,-0.0006763587632335
2019-06-13,-0.0022902420436769
2019-06-14,-0.0005622602862093
2019-06-17,0.0005354577006516
2019-06-18,-0.0002320000150818
2019-06-19,-0.0045080214101991
2019-06-20,-0.0067010074476939
2019-06-21,0.0022086410957046
2019-06-24,-0.0024342717852761
2019-06-25,0.0002708152669639
2019-06-26,0.0032255242747197
2019-06-27,-0.0009900402425102
2019-06-28,0.0019071090395621
2019-07-01,0.0013471738558006
2019-07-02,-0.0014370642939881
2019-07-03,-2.689370381594215e-05
2019-07-04,-0.0010522077686747
2019-07-05,0.001258874269301
2019-07-08,0.0019750499527094
2019-07-09,-0.0015797277731091
2019-07-10,-0.0007547929332398
2019-07-11,0.001886022158376
2019-07-12,-0.0045865556753918
2019-07-15,-0.0009018367646079
2019-07-16,-0.0006226977839497
2019-07-17,0.0001715280267442
2019-07-18,-0.0012374042578605
2019-07-19,-0.0036486547237414
2019-07-22,-0.0013523852278309
2019-07-23,-0.0020092843055235
2019-07-24,-0.0016029283714383
2019-07-25,0.0067770981241657
2019-07-26,0.0008144359181728
2019-07-29,-0.0003890642051928
2019-07-30,-0.0004435042084198
2019-07-31,-0.0035918526711945
2019-08-01,-0.0033221891970489
2019-08-02,-0.0051826169056676
2019-08-05,6.412537550906312e-05
2019-08-06,0.0018585036121592
2019-08-07,-0.0010340887443872
2019-08-08,-0.0024567946585962
2019-08-09,-0.0007162846587564
2019-08-12,-0.0015074709328324
2019-08-13,0.0034987506112963
2019-08-14,-0.0057181203678505
2019-08-15,0.0001290198504433
2019-08-16,0.0013173791379391
2019-08-19,0.0011684401437734
2019-08-20,-0.002107977007083
2019-08-21,0.0035781850266548
2019-08-22,0.0010003715030421
2019-08-23,-0.0057033841432376
2019-08-26,0.0026440937187251
2019-08-27,0.0009289064935311
2019-08-28,-6.432579582216647e-05
2019-08-29,0.0023598104517412
2019-08-30,-0.0027368625402542
2019-09-02,-0.0011869977927432
2019-09-03,-0.0030614707395346
2019-09-04,-0.0004525952283644
2019-09-05,0.0054457143520247
2019-09-06,0.0008451282769934
2019-09-09,0.0066072469703198
2019-09-10,-0.0006477199478973
2019-09-11,-0.0011781741951172
2019-09-12,0.0006760249772517
2019-09-13,-0.0012701018997881
2019-09-16,-0.0010612158694275
2019-09-17,0.0060865331879416
2019-09-18,0.0003637867716181
2019-09-19,-0.0027958262471243
2019-09-20,-0.0038559367040408
2019-09-23,-0.0038708625234865
2019-09-24,-0.0019226232548467
2019-09-25,-0.000644772250399
2019-09-26,-0.0002119037051146
2019-09-27,-0.0006176220057448
2019-09-30,0.0027625966069552
2019-10-01,-0.0018316937651189
2019-10-02,0.0066023712027808
2019-10-03,0.0025776880712009
2019-10-04,-0.0033101670967509
2019-10-07,-0.0002747497566813
2019-10-08,-0.0034875534892394
2019-10-09,0.0028551019998497
2019-10-10,0.0054307944842253
2019-10-11,0.0035950797410871
2019-10-14,-0.0006361584565392
2019-10-15,0.0015896379764108
2019-10-16,-0.0004993591985532
2019-10-17,-0.0024093863875724
2019-10-18,0.0001001544473562
2019-10-21,0.0007370147852081
2019-10-22,0.0013815637095063
2019-10-23,0.0014158789604534
2019-10-24,-0.0005897600503014
2019-10-25,0.0001815183201102
2019-10-28,0.0017405991422954
2019-10-29,0.0005523681453286
2019-10-30,-0.0014495233809962
2019-10-31,-0.0022690002448159
2019-11-01,0.0001635496560977
2019-11-04,-0.0007543925193283
2019-11-05,-0.0007094074739542
2019-11-06,-0.0003639522827682
2019-11-07,0.0006095858757904
2019-11-08,-0.0002819686287373
2019-11-11,-0.0030618705749024
2019-11-12,-0.0024031730559115
2019-11-13,-0.0032714488141895
2019-11-14,8.260605815635206e-05
2019-11-15,0.0033535085159924
2019-11-18,0.0018733166223192
2019-11-19,0.0016512187685982
2019-11-20,0.0001731851391491
2019-11-21,0.0011840041946581
2019-11-22,0.0008188080515396
2019-11-25,-0.0020028122461978
2019-11-26,0.0020119195997786
2019-11-27,-0.0007459935731508
2019-11-28,0.0006278083729013
2019-11-29,0.0023349830914693
2019-12-02,-0.0035272659767734
2019-12-03,-0.0036220103977441
2019-12-04,0.0010048364653971
2019-12-05,0.0010039365203927
2019-12-06,-0.0009399364994728
2019-12-09,-0.0021479787912753
2019-12-10,-0.0008145700341981
2019-12-11,0.0015920753021183
2019-12-12,0.0073237934768638
2019-12-13,-0.0066383763978318
2019-12-16,0.0004385032485694
2019-12-17,-0.0020843596388189
2019-12-18,-0.0030520869897996
2019-12-19,-0.0011849267595802
2019-12-20,0.0002481164931159
2019-12-23,0.0002664512731091
2019-12-24,-0.0019860182950071
2019-12-25,0.0003128685651747
2019-12-26,0.0024627776464106
2019-12-27,-0.0007161554874576
2019-12-30,-0.0031830918369689
2019-12-31,0.0017676614174804
2020-01-01,-0.0014543313627812
2020-01-02,-0.0004607488474787
2020-01-03,-0.0008020664685612
2020-01-06,2.7706087667009657e-05
2020-01-07,-0.0033811880323845
2020-01-08,0.0008972357044077
2020-01-09,-0.000527195214668
2020-01-10,0.0007212679945531
2020-01-13,-0.0007397943365308
2020-01-14,-0.004450185437109
2020-01-15,-0.0013296650906457
2020-01-16,-0.0001395421842834
2020-01-17,-0.0004933234443216
2020-01-20,0.0003630812946935
2020-01-21,-0.0005493336720865
2020-01-22,-0.0004750006834586
2020-01-23,-0.0013797579449922
2020-01-24,-0.0023350846678648
2020-01-27,-0.0007482641402486
2020-01-28,0.0035870171474963
2020-01-29,-0.000690301283642
2020-01-30,-0.002475790209348
2020-01-31,-0.0007298733408741
2020-02-03,4.686711210620745e-05
2020-02-04,0.0020945011916813
2020-02-05,3.741366463264946e-05
2020-02-06,-0.0002803024723668
2020-02-07,-0.0009440511166211
2020-02-10,-0.002715768337386
2020-02-11,-0.0010227095175283
2020-02-12,-0.0020672883434456
2020-02-13,-0.0016945410252196
2020-02-14,0.002747482204368
2020-02-17,-0.0013539532166314
2020-02-18,-0.0013370316951826
2020-02-19,0.0019202443273616
2020-02-20,-0.0020050476267216
2020-02-21,-0.0003581626519135
2020-02-24,0.0019681968609266
2020-02-25,-0.0011107529682128
2020-02-26,0.0008848647915447
2020-02-27,0.0024153890740703
2020-02-28,9.39964258994127e-06
2020-03-02,0.0022689935027744
2020-03-03,0.000299725577526
2020-03-04,-0.0022496312481085
2020-03-05,-0.0038830673685332
2020-03-06,-0.005308311907249
2020-03-09,0.0020152153951855
2020-03-10,0.0020488303496431
2020-03-11,-0.0027201176832272
2020-03-12,-0.0008326344437775
2020-03-13,-0.0006438437239903
2020-03-16,0.0016844721377073
2020-03-17,-0.0005958012202772
2020-03-18,0.0023530598226818
2020-03-19,-0.0056416454936265
2020-03-20,-0.0001708874745222
2020-03-23,0.0032322896590823
2020-03-24,0.0019192826566226
2020-03-25,0.0039498057627235
2020-03-26,-0.000404624072239
2020-03-27,-0.0036491156237291
2020-03-30,9.44756038847934e-05
2020-03-31,0.0013309430538094
2020-04-01,-0.0017938349039607
2020-04-02,-0.0013805994909118
2020-04-03,-0.0007668206194457
2020-04-06,0.0003314018520432
2020-04-07,-0.0003124358406026
2020-04-08,-0.0004357445901092
2020-04-09,0.0009280576542719
2020-04-10,-0.0006060016241281
2020-04-13,-0.0001989578544498
2020-04-14,-0.0010710098327012
2020-04-15,-0.0019934420839468
2020-04-16,-0.0001900914121109
2020-04-17,-0.0005703777810887
2020-04-20,-9.511349603627036e-05
2020-04-21,0.0011406520719232
2020-04-22,-0.0013879441484248
2020-04-23,0.0006372112650237
2020-04-24,0.0015104076940073
2020-04-27,0.0023701721939774
2020-04-28,-0.0010801271066237
2020-04-29,0.0042663776544533
2020-04-30,-0.0015020322147063
2020-05-01,-0.0027548526797282
2020-05-04,-0.0021542267564322
2020-05-05,0.001509418362796
2020-05-06,-0.0010914917628981
2020-05-07,0.0012527328446709
2020-05-08,-0.0017656825715592
2020-05-11,-0.000922045837526
2020-05-12,0.0003993138383795
2020-05-13,-0.0001901727392998
2020-05-14,-4.74921616768284e-05
2020-05-15,-0.0002281978529495
2020-05-18,0.008702218401928
2020-05-19,0.0005560767084179
2020-05-20,-0.0018297345087167
2020-05-21,0.0032046091422777
2020-05-22,-0.0031384402129769
2020-05-25,-0.0005382559758799
2020-05-26,0.0010761099201605
2020-05-27,0.0060480828262488
2020-05-28,0.0016491040784986
2020-05-29,-0.0001217691213206
2020-06-01,0.0012258316320702
2020-06-02,0.0057721465932923
2020-06-03,0.0042680041720056
2020-06-04,0.0029952219990091
2020-06-05,0.0042462768934854
2020-06-08,-0.0052991306750729
2020-06-09,-0.0041576030357866
2020-06-10,-0.0048554235073384
2020-06-11,-0.0062573807877958
2020-06-12,0.0043721360285546
2020-06-15,0.0050597006946783
2020-06-16,-0.0040606178843854
2020-06-17,-0.0046864864212554
2020-06-18,0.0001781503417005
2020-06-19,-0.0021302703335894
2020-06-22,0.0032545450095541
2020-06-23,0.0005616636953967
2020-06-24,-0.0016577769815637
2020-06-25,-0.0027881338198311
2020-06-26,-0.0001692279109501
2020-06-29,0.0054383716351593
2020-06-30,-0.0054383716351593
2020-07-01,0.000404306315947
2020-07-02,-0.0013543072115813
2020-07-03,0.0001035436787256
2020-07-06,0.0025280500552312
2020-07-07,-0.0029045831191927
2020-07-08,0.0013170217747652
2020-07-09,-0.0021174571285764
2020-07-10,0.0021174571285763
2020-07-13,0.004502475711556
2020-07-14,0.0032049743981934
2020-07-15,0.0052755387911879
2020-07-16,-0.0008355662620348
2020-07-17,-0.0028832446408192
2020-07-20,0.0018611341447473
2020-07-21,-2.792967618047097e-05
2020-07-22,-0.0002788962157251
2020-07-23,-0.0020202168315716
2020-07-24,3.7325109371934346e-05
2020-07-27,0.0083700862669202
2020-07-28,-0.0060803686528147
2020-07-29,-0.0005672805447471
2020-07-30,0.0034267161034212
2020-07-31,-0.0023017811672811
2020-08-03,0.0027651696724674
2020-08-04,-0.0009641424653883
2020-08-05,-7.419481627110949e-05
2020-08-06,0.0023347721574403
2020-08-07,-0.0049353974938741
2020-08-10,-0.0006884902517553
2020-08-11,0.0019153515175535
2020-08-12,-0.001152473252677
2020-08-13,-0.0004185738866465
2020-08-14,0.0019145821064073
2020-08-17,-0.0004457436208796
2020-08-18,0.0016985406606741
2020-08-19,0.0047462560780183
2020-08-20,-0.0063240964108834
2020-08-21,-0.0006597109274435
2020-08-24,-0.0003811160006853
2020-08-25,-0.0009116546763421
2020-08-26,-0.0001488978896087
2020-08-27,5.5811568177053446e-05
2020-08-28,0.002277847374401
2020-08-31,0.0019018193450272
2020-09-01,0.0048450088477379
2020-09-02,-0.0042797835530802
2020-09-03,-0.0019007436703997
2020-09-04,0.0033633005935933
2020-09-07,0.0018759876563398
2020-09-08,-0.0026995852621953
2020-09-09,-0.0032546875895818
2020-09-10,-0.0003436179370036
2020-09-11,-0.0001115378731216
2020-09-14,0.0016896776273916
2020-09-15,-0.0018569523732276
2020-09-16,-0.0011902306724355
2020-09-17,0.0013017872035462
2020-09-18,0.002839445472374
2020-09-21,-0.0022077850693788
2020-09-22,0.000120661098986
2020-09-23,4.6489381999531536e-05
2020-09-24,0.0043360244728788
2020-09-25,-0.0016469743829235
2020-09-28,-0.0010006265242374
2020-09-29,0.000583820479142
2020-09-30,-4.63838642546556e-05
2020-10-01,-0.0001482219116669
2020-10-02,-0.0031832318617103
2020-10-05,0.0028495969650014
2020-10-06,-0.0018182767262107
2020-10-07,0.0017626969196992
2020-10-08,6.486122269665093e-05
2020-10-09,-0.0028960000428938
2020-10-12,-0.0019261213046305
2020-10-13,0.0008844909809773
2020-10-14,-0.0019001230586995
2020-10-15,-0.0020251206120115
2020-10-16,0.0014562582663021
2020-10-19,-0.0004011885779688
2020-10-20,0.0009420433896499
2020-10-21,0.0009784648548322
2020-10-22,-0.0012954936969965
2020-10-23,-0.0005131060106831
2020-10-26,0.0003825747482605
2020-10-27,-0.0012133992975624
2020-10-28,-0.0011212491795679
2020-10-29,-0.0005985660569911
2020-10-30,-0.0011793389113765
2020-11-02,0.0016843921862783
2020-11-03,0.0014202510821436
2020-11-04,-0.0015137726096915
2020-11-05,-0.0007482641402486
2020-11-06,0.0007576278337977
2020-11-09,0.0091222686205076
2020-11-10,0.0019439685181804
2020-11-11,-0.0014438213293151
2020-11-12,0.0001389896492484
2020-11-13,0.000379556384931
2020-11-16,0.0015168967275884
2020-11-17,-0.0007858924234543
2020-11-18,-0.0009253447812047
2020-11-19,0.000805146893433
2020-11-20,-0.000527497675611
2020-11-23,0.0002036634044536
2020-11-24,0.0029199796208026
2020-11-25,-0.0015513479873232
2020-11-26,-0.0023130483630439
2020-11-27,0.0025809331728565
2020-11-30,0.0017169655014253
2020-12-01,0.0012443674756058
2020-12-02,-0.0017886398799422
2020-12-03,-0.0016254514607485
2020-12-04,-0.0009895111094981
2020-12-07,-0.0018706840427195
2020-12-08,-0.0025430901851196
2020-12-09,-0.0017207069864352
2020-12-10,0.0012652888659539
2020-12-11,0.0022752405365051
2020-12-14,-0.0006774254861523
2020-12-15,-0.0010029319909263
2020-12-16,0.0033023656950102
2020-12-17,0.0046936156670334
2020-12-18,-0.0031943841972645
2020-12-21,0.0019400355128109
2020-12-22,-0.001403880791617
2020-12-23,0.0002033660279324
2020-12-24,0.0016526046807379
2020-12-25,0.0013736047762237
2020-12-28,-0.0001381652817007
2020-12-29,-0.0019552497808469
2020-12-30,-0.0084457291913091
2020-12-31,0.0034295506720881
2021-01-01,0.0036396932240936
2021-01-04,-0.0019061313577822
2021-01-05,0.000407454041074
2021-01-06,0.0031243990445817
2021-01-07,0.0023875387285793
2021-01-08,-0.0041333894464777
2021-01-11,0.0001016146368273
2021-01-12,2.7771401255245046e-05
2021-01-13,-0.0025917907708497
2021-01-14,0.0004354505888734
2021-01-15,-0.0024858964155568
2021-01-18,-0.0005759957029896
2021-01-19,0.0017177033270344
2021-01-20,-0.0005103873446246
2021-01-21,-0.0001855694578134
2021-01-22,0.0001392079842561
2021-01-25,0.0008720985925646
2021-01-26,-8.347176660812942e-05
2021-01-27,-0.001949581334809
2021-01-28,0.0008824084774861
2021-01-29,0.0032814021535304
2021-02-01,0.0011653893724536
2021-02-02,-0.0010266180718568
2021-02-03,0.000887878967654
2021-02-04,6.468853821108924e-05
2021-02-05,0.0013025776532842
2021-02-08,-9.22302812475768e-05
2021-02-09,-0.0015523514054629
2021-02-10,-0.0023145473476555
2021-02-11,0.0008060421120121
2021-02-12,0.0011199578521762
2021-02-15,-0.0012403038038727
2021-02-16,0.0005370285144385
2021-02-17,0.001738919460361
2021-02-18,0.0010805729166362
2021-02-19,0.0036765754868181
2021-02-22,0.0022416367501739
2021-02-23,0.0092259226459063
2021-02-24,0.0032861282461988
2021-02-25,-0.0020866256472866
2021-02-26,-0.0038124457059328
2021-03-01,0.0049016161430306
2021-03-02,0.0032514648212782
2021-03-03,0.0021588088456166
2021-03-04,0.0033509121149329
2021-03-05,-0.002512077080887
2021-03-08,9.016352004065798e-05
2021-03-09,-0.0046351859735068
2021-03-10,0.004157301913744
2021-03-11,-0.0006857314466521
2021-03-12,0.0022717798841748
2021-03-15,-0.0038433354454341
2021-03-16,-0.0048930346579963
2021-03-17,0.0036810271948895
2021-03-18,0.0001447720204601
2021-03-19,3.6243663565458025e-05
2021-03-22,-0.0030540332245646
2021-03-23,0.0042025787332971
2021-03-24,-0.0009133172313329
2021-03-25,0.0008319685060578
2021-03-26,0.0010027669818632
2021-03-29,-0.0021242218813317
2021-03-30,-0.0009959380842099
2021-03-31,0.0025511045987582
2021-04-01,0.0023283318394159
2021-04-02,-0.0007213828289105
2021-04-05,-0.0023481216001046
2021-04-06,-0.0007597358089381
2021-04-07,-0.0017751088516945
2021-04-08,-0.0018962649965176
2021-04-09,-0.0003723852204044
2021-04-12,-0.0018005354653758
2021-04-13,0.0012643994354
2021-04-14,0.0050955777613748
2021-04-15,-0.0019735843180421
2021-04-16,-0.0016596446509925
2021-04-19,7.26015062155503e-05
2021-04-20,9.077151738840353e-05
2021-04-21,0.0014691573702296
2021-04-22,-0.0014691573702295
2021-04-23,0.0027098267350278
2021-04-26,-0.00017199535806
2021-04-27,0.0002806371549963
2021-04-28,-0.0018297118809207
2021-04-29,-0.0009887566510433
2021-04-30,-0.003545557469007
2021-05-03,0.0010922636038685
2021-05-04,-0.0014658123604508
2021-05-05,-0.001039177562219
2021-05-06,-0.0012776583343191
2021-05-07,0.0007394435792998
2021-05-10,-0.0025217950067033
2021-05-11,0.0040900640390376
2021-05-12,9.123284903852946e-06
2021-05-13,-0.0034590144728581
2021-05-14,0.0012609399249855
2021-05-17,0.0026353515559213
2021-05-18,-0.0010569806478888
2021-05-19,0.0030947933394995
2021-05-20,-0.0028577960902641
2021-05-21,-0.003716480933337
2021-05-24,0.0023027938783477
2021-05-25,0.001049094438097
2021-05-26,-0.0020901414227194
2021-05-27,-0.000648929996517
2021-05-28,0.0030762834548484
2021-05-31,0.0016028910182041
2021-06-01,-0.0027427838025544
2021-06-02,0.0007206155000808
2021-06-03,-0.0007114781467325
2021-06-04,-0.0018267366830938
2021-06-07,0.0001828456962856
2021-06-08,-0.002196030413589
2021-06-09,-0.0006046919515882
2021-06-10,-0.0018439668096548
2021-06-11,-0.0015899103603381
2021-06-14,0.002626979121094
2021-06-15,-0.0006423110115184
2021-06-16,0.0003762264119979
2021-06-17,0.0030599048546036
2021-06-18,0.001626938585769
2021-06-21,-0.0007125766480658
2021-06-22,0.002026728424182
2021-06-23,-0.0008485232197753
2021-06-24,-0.0003195384742368
2021-06-25,-0.0005388538049323
2021-06-28,0.0021811699742143
2021-06-29,-0.0009303509067889
2021-06-30,0.0006112348988914
2021-07-01,0.0001276151459387
2021-07-02,-0.0035989207140876
2021-07-05,0.0011888768978844
2021-07-06,-0.0008138001589932
2021-07-07,-0.0015104345989548
2021-07-08,-0.007254424171196
2021-07-09,0.0011343895358313
2021-07-12,0.0004607324034818
2021-07-13,-0.0032113029457551
2021-07-14,0.0002587865854145
2021-07-15,0.001698792142236
2021-07-16,0.000885177252894
2021-07-19,-0.0015680892875206
2021-07-20,0.0018537112972971
2021-07-21,-0.0029897772712265
2021-07-22,-0.000120090131644
2021-07-23,0.0005358871872598
2021-07-26,-0.0015809494134122
2021-07-27,8.327020519114654e-05
2021-07-28,-0.0030948071239751
2021-07-29,-0.000556950405034
2021-07-30,-0.0018959328116097
2021-08-02,-0.0002978124780592
2021-08-03,-0.001685725522739
2021-08-04,0.0002888723609791
2021-08-05,-0.0003727720869654
2021-08-06,0.002755560998396
2021-08-09,0.0047486121206834
2021-08-10,0.0007676090964481
2021-08-11,0.0003790666235138
2021-08-12,0.0011268743294076
2021-08-13,-0.0034586459697013
2021-08-16,-0.0043726393570447
2021-08-17,-0.0032524024504627
2021-08-18,0.0021446452744549
2021-08-19,-0.0005776700642831
2021-08-20,-7.455163334587329e-05
2021-08-23,-0.0014271070774714
2021-08-24,0.0016600763654074
2021-08-25,0.0022431468128487
2021-08-26,0.0031191153223527
2021-08-27,-0.0032678664559954
2021-08-30,0.0061000061231876
2021-08-31,-0.0009061754194515
2021-09-01,0.002863645766115
2021-09-02,0.0015577106708391
2021-09-03,0.0002761944246263
2021-09-06,0.000193378509731
2021-09-07,0.0023446723562457
2021-09-08,0.0006150986551656
2021-09-09,-0.00542996774716
2021-09-10,0.0006274115477203
2021-09-13,0.004417014585034
2021-09-14,-0.0028964745086876
2021-09-15,0.0008744081582912
2021-09-16,0.0037468196834005
2021-09-17,0.0018498355188292
2021-09-20,-0.0046769873864324
2021-09-21,-0.0050685066198477
2021-09-22,0.0002217857483888
2021-09-23,0.0026933992084352
2021-09-24,-0.0016779317604936
2021-09-27,-0.0010894639774061
2021-09-28,0.0028964184394307
2021-09-29,-0.0017516269719419
2021-09-30,-0.0043459733786468
2021-10-01,-0.0002039503172608
2021-10-04,-0.0040773369884955
2021-10-05,0.0018504028081402
2021-10-06,-0.0042171063960708
2021-10-07,0.0011654465030993
2021-10-08,-0.00013974633508
2021-10-11,-0.001352259838133
2021-10-12,0.0012217160095795
2021-10-13,-0.0012496386957793
2021-10-14,-0.0002333128346827
2021-10-15,-0.0004856031778165
2021-10-18,0.0015398066681952
2021-10-19,0.0010437659932345
2021-10-20,-0.0025835726614297
2021-10-21,-0.0032739235926214
2021-10-22,-0.0004497747180441
2021-10-25,0.0009368583030417
2021-10-26,-0.0011712100842407
2021-10-27,-0.001529496111519
2021-10-28,9.402908588239375e-06
2021-10-29,-0.0061694728756083
2021-11-01,-0.0033882859795263
2021-11-02,0.0042381806663788
2021-11-03,-0.0007176739298031
2021-11-04,-0.0038428742643433
2021-11-05,0.0004266738947599
2021-11-08,0.0032839796125338
2021-11-09,-0.002080779502072
2021-11-10,-0.0018764671402942
2021-11-11,0.0003604283211763
2021-11-12,-0.000739877644674
2021-11-15,-0.0019472383644986
2021-11-16,0.0011308495234411
2021-11-17,-0.0018631910028034
2021-11-18,0.0013406874401794
2021-11-19,-0.0046763919570066
2021-11-22,0.0008110907601276
2021-11-23,0.0011059133847255
2021-11-24,-0.0030632079857909
2021-11-25,0.0018142354921638
2021-11-26,-0.0042448956623388
2021-11-29,-0.0015916598345068
2021-11-30,-0.0003455275610911
2021-12-01,0.0002975956047836
2021-12-02,-0.0021134619885263
2021-12-03,-0.0015495392631218
2021-12-06,0.0058198369138077
2021-12-07,-0.0020129323027399
2021-12-08,0.0015436560710641
2021-12-09,-0.0006804419479197
2021-12-10,-0.0011606524832395
2021-12-13,-0.0010467710921031
2021-12-14,-0.0004708546775153
2021-12-15,0.0032246334535326
2021-12-16,-0.0021101778681028
2021-12-17,-0.0033181588808355
2021-12-20,0.0013767080334726
2021-12-21,0.0022965649954582
2021-12-22,-0.0004415370872466
2021-12-23,-0.0009415208196853
2021-12-24,-8.651182659306458e-05
2021-12-27,-0.0012696624934735
2021-12-28,-0.001435111302075
2021-12-29,0.0005203639310632
2021-12-30,-0.0032808638209674
2021-12-31,0.0024424046707969
2022-01-03,0.000713160050087
2022-01-04,-0.0040838471107848
2022-01-05,0.0037851791675814
2022-01-06,0.0029447570278084
2022-01-07,0.0024089803933542
2022-01-10,0.0069830798917031
2022-01-11,-0.0008285258572573
2022-01-12,-0.0036939076779167
2022-01-13,-0.0018664734489034
2022-01-14,-0.0003353712651843
2022-01-17,-0.0007093791196135
2022-01-18,-0.0036126357018894
2022-01-19,-0.0003850310755016
2022-01-20,-0.0012428654716253
2022-01-21,-0.0021716262180948
2022-01-24,0.0001159775820203
2022-01-25,0.0023930209411002
2022-01-26,0.0010210754422836
2022-01-27,-0.0011560796491623
2022-01-28,0.0008767999135685
2022-01-31,0.0025103706088804
2022-02-01,-0.0025585895559739
2022-02-02,0.0001252496312313
2022-02-03,0.0133535590461721
2022-02-04,0.0066198962327217
2022-02-07,-0.0031482319776435
2022-02-08,0.0003408398258507
2022-02-09,-0.0008048847112692
2022-02-10,0.0004924902674085
2022-02-11,-0.0049834954469396
2022-02-14,-0.0053432457074768
2022-02-15,0.0053717189479359
2022-02-16,-0.0023817337781942
2022-02-17,-0.0029134614975738
2022-02-18,-0.0030851989634273
2022-02-21,-0.0062182083343941
2022-02-22,0.0079918875507209
2022-02-23,-0.0064192835853658
2022-02-24,-0.0012733737443687
2022-02-25,1.93317964562249e-05
2022-02-28,-0.0067992520557132
2022-03-01,-0.0062588714238343
2022-03-02,0.0003129724663979
2022-03-03,-0.0064341295363998
2022-03-04,-0.0156886041333929
2022-03-07,0.0051044133967005
2022-03-08,0.0072923414692647
2022-03-09,0.0127033474903371
2022-03-10,-0.002273800609822
2022-03-11,-0.0017404241312557
2022-03-14,0.0049981748898746
2022-03-15,0.0048281127108299
2022-03-16,0.0055664246730953
2022-03-17,0.0012328631538265
2022-03-18,-0.008477311965863
2022-03-21,-0.001262714809727
2022-03-22,0.000631614607067
2022-03-23,-0.0050344460018516
2022-03-24,-0.0010842872462386
2022-03-25,-0.0005669474461072
2022-03-28,0.003621295644523
2022-03-29,0.0061968649266605
2022-03-30,-0.0024333390971214
2022-03-31,-0.0079326126522317
2022-04-01,0.000391343341138
2022-04-04,-0.0058558007463315
2022-04-05,-0.002709012773727
2022-04-06,0.0029352047899023
2022-04-07,-0.0014763885856423
2022-04-08,0.0015256304543248
2022-04-11,-0.0036356372982406
2022-04-12,-0.003490430036507
2022-04-13,0.0078436682230065
2022-04-14,0.0027382733123224
2022-04-15,-0.0011965237360989
2022-04-18,-0.0006871136280213
2022-04-19,0.0090224293996508
2022-04-20,0.0019637600279633
2022-04-21,0.0035193107318821
2022-04-22,-0.0002904279101213
2022-04-25,-0.0061370139861303
2022-04-26,-0.0024673224410922
2022-04-27,-0.0016808388950846
2022-04-28,-0.001673975113473
2022-04-29,0.0051791243059727
2022-05-02,0.0013052215060031
2022-05-03,0.0024886756950682
2022-05-04,0.0035667850888002
2022-05-05,0.0047488661531377
2022-05-06,0.0030766818183964
2022-05-09,0.0070786938895017
2022-05-10,-0.0005626269895199
2022-05-11,-0.0030087720411757
2022-05-12,-0.0040738052723533
2022-05-13,0.0011615215244951
2022-05-16,0.0033139539854182
2022-05-17,0.0023305597644505
2022-05-18,-0.013958623090858
2022-05-19,-0.0051112849273056
2022-05-20,0.0019719707325712
2022-05-23,0.001338292552112
2022-05-24,-0.0011247578275009
2022-05-25,-0.0030706762153302
2022-05-26,0.0011866202037601
2022-05-27,-0.0010018211814509
2022-05-30,0.0043885840118417
2022-05-31,-0.0022112714670947
2022-06-01,-0.0041350395856273
2022-06-02,0.003513417335362
2022-06-03,0.0026487884890369
2022-06-06,0.0061918533123495
2022-06-07,0.0027311790548218
2022-06-08,0.0073770515960338
2022-06-09,-0.0075787917139997
2022-06-10,-0.0031170252881594
2022-06-13,0.000154135589087
2022-06-14,0.0050738776191325
2022-06-15,-0.0032450161131978
2022-06-16,-0.0197731936779751
2022-06-17,-0.0023765308244227
2022-06-20,0.0001868056174622
2022-06-21,5.8940828639515655e-05
2022-06-22,-0.0016329963335231
2022-06-23,-0.004351314563314
2022-06-24,9.889512698481017e-05
2022-06-27,0.0001087851300876
2022-06-28,-0.004766632149243
2022-06-29,-0.0099832614080387
2022-06-30,0.0039752399493641
2022-07-01,-0.0006597249605772
2022-07-04,0.0023871754742151
2022-07-05,-0.0089788343767696
2022-07-06,-0.0054201979015999
2022-07-07,0.0020423247263759
2022-07-08,0.0038307018459783
2022-07-11,-0.0066425256734348
2022-07-12,-0.0024541466391177
2022-07-13,-0.0008938517638667
2022-07-14,0.0014825956645475
2022-07-15,-0.0008730453624991
2022-07-18,0.0071851607730176
2022-07-19,-0.0005345832238963
2022-07-20,-0.0020805107255288
2022-07-21,-0.0016290329524547
2022-07-22,-0.0053815282493453
2022-07-25,0.0035773365192957
2022-07-26,-0.0113451691919799
2022-07-27,0.0031757215143346
2022-07-28,-0.0050963376419883
2022-07-29,-7.194018011673386e-05
2022-08-01,0.0023003174524537
2022-08-02,-0.0016425700178971
2022-08-03,0.0030059012437433
2022-08-04,0.001453478917561
2022-08-05,0.0009508200464576
2022-08-08,-0.0049171580884696
2022-08-09,0.0002361798029022
2022-08-10,-0.0035071147668595
2022-08-11,0.0010606039095174
2022-08-12,-0.0061114842695443
2022-08-15,-0.0046810631754589
2022-08-16,0.0048156677497305
2022-08-17,0.0025437706346965
2022-08-18,-0.0032169747631662
2022-08-19,-0.0035184590652325
2022-08-22,-0.0034056371540068
2022-08-23,0.002771214753103
2022-08-24,0.0019851804745875
2022-08-25,-0.0023493771656635
2022-08-26,0.0017365569213744
2022-08-29,0.0059045421643052
2022-08-30,0.0083106734665493
2022-08-31,0.0067477487531367
2022-09-01,-0.0064712205561508
2022-09-02,-0.0022964028027927
2022-09-05,-0.0006365515157073
2022-09-06,0.000410726748831
2022-09-07,0.0024300600001727
2022-09-08,-0.0072667096111585
2022-09-09,-0.0028201602196494
2022-09-12,-0.0015528731004846
2022-09-13,-0.0068304076759248
2022-09-14,0.0018447605158271
2022-09-15,0.0004476313032434
2022-09-16,0.0046519484305692
2022-09-19,0.0016148403685096
2022-09-20,-0.0060586160581256
2022-09-21,-0.0099347500355068
2022-09-22,0.0088935768773636
2022-09-23,-0.0087884677466783
2022-09-26,0.0031894815884268
2022-09-27,-0.003326100554866
2022-09-28,-0.0026204794407024
2022-09-29,0.0097314436811975
2022-09-30,0.0071436381287834
2022-10-03,0.0109743838792556
2022-10-04,0.0013927855580584
2022-10-05,-0.0046159458919919
2022-10-06,-0.0036565300649294
2022-10-07,-0.001228717655079
2022-10-10,0.0026929590631449
2022-10-11,-0.0028995860374332
2022-10-12,0.0005475451187238
2022-10-13,0.0104182609537585
2022-10-14,-0.0011966222912087
2022-10-17,0.0026571444005058
2022-10-18,0.0002142933945099
2022-10-19,0.0012237489762224
2022-10-20,0.0006011445611192
2022-10-21,0.002065450887581
2022-10-24,0.0042700601793819
2022-10-25,0.0029913781638934
2022-10-26,0.0030025451926761
2022-10-27,-0.006895058962404
2022-10-28,0.004719599592441
2022-10-31,-0.0017861518677858
2022-11-01,-0.0024776785728319
2022-11-02,-0.0030931031276425
2022-11-03,0.0035081250691804
2022-11-04,0.001304826768384
2022-11-07,0.0015150858545886
2022-11-08,0.001623611611082
2022-11-09,-0.0070278121810369
2022-11-10,-0.0020417272002625
2022-11-11,-0.0086601091774597
2022-11-14,-0.0015910156633019
2022-11-15,0.0032512208785679
2022-11-16,0.0050660435255457
2022-11-17,0.0059422883905728
2022-11-18,-0.0026163293304933
2022-11-21,-0.0032750120637992
2022-11-22,-0.0011212515689681
2022-11-23,-0.0004692268996942
2022-11-24,0.0019164413742504
2022-11-25,0.0002138307730292
2022-11-28,-0.0006416295387915
2022-11-29,0.0039554656645454
2022-11-30,-0.0016962011543187
2022-12-01,0.0021426267094175
2022-12-02,0.0015001303570403
2022-12-05,0.0018316001628575
2022-12-06,-0.0031694653362754
2022-12-07,0.0025221810473189
2022-12-08,-0.0005565364265602
2022-12-09,-0.0042603572663394
2022-12-12,0.0027104725694669
2022-12-13,0.0008107150120132
2022-12-14,-0.00042557060967
2022-12-15,-4.0531352138967856e-05
2022-12-16,0.002459649455873
2022-12-19,-0.0037069574731815
2022-12-20,-0.0013707735940407
2022-12-21,-0.0012810821625444
2022-12-22,0.0041829091348126
2022-12-23,0.0040242123858781
2022-12-26,0.0005750104519248
2022-12-27,-0.0029997247202667
2022-12-28,-0.0024813171528777
2022-12-29,-0.0022842229098703
2022-12-30,0.0040572203406637
