date,price
2015-01-02,85.45040893554688
2015-01-05,85.51860809326172
2015-01-06,85.52623748779297
2015-01-07,85.59442138671875
2015-01-08,85.45799255371094
2015-01-09,85.71571350097656
2015-01-12,85.6929931640625
2015-01-13,85.5565414428711
2015-01-14,86.06441497802734
2015-01-15,86.74664306640625
2015-01-16,86.26151275634766
2015-01-19,86.26151275634766
2015-01-20,86.46615600585938
2015-01-21,86.10990905761719
2015-01-22,86.13263702392578
2015-01-23,86.6556396484375
2015-01-26,86.51161193847656
2015-01-27,86.78450012207031
2015-01-28,87.1180191040039
2015-01-29,87.01948547363281
2015-01-30,87.64862823486328
2015-02-02,87.5879898071289
2015-02-03,87.18622589111328
2015-02-04,87.3681411743164
2015-02-05,86.98918151855469
2015-02-06,86.30696868896484
2015-02-09,86.15535736083984
2015-02-10,85.86727905273438
2015-02-11,85.7081298828125
2015-02-12,85.57168579101562
2015-02-13,85.39737701416016
2015-02-16,85.39737701416016
2015-02-17,84.96528625488281
2015-02-18,85.32154083251953
2015-02-19,85.25334167480469
2015-02-20,85.26093292236328
2015-02-23,85.42010498046875
2015-02-24,85.93555450439453
2015-02-25,86.07955932617188
2015-02-26,86.01891326904297
2015-02-27,86.51919555664062
2015-03-02,85.81422424316406
2015-03-03,85.93555450439453
2015-03-04,86.01891326904297
2015-03-05,85.86727905273438
2015-03-06,84.87435150146484
2015-03-09,84.7454605102539
2015-03-10,84.84403991699219
2015-03-11,84.98802947998047
2015-03-12,84.79851531982422
2015-03-13,84.52562713623047
2015-03-16,84.64691162109375
2015-03-17,84.73029327392578
2015-03-18,86.0264892578125
2015-03-19,85.97344970703125
2015-03-20,86.23118591308594
2015-03-23,86.19327545166016
2015-03-24,86.61015319824219
2015-03-25,86.58744812011719
2015-03-26,86.1250228881836
2015-03-27,86.16291809082031
2015-03-30,85.90523529052734
2015-03-31,86.10228729248047
2015-04-01,86.76934814453125
2015-04-02,86.4510269165039
2015-04-03,86.4510269165039
2015-04-06,86.79206848144531
2015-04-07,86.98159790039062
2015-04-08,86.76934814453125
2015-04-09,86.45855712890625
2015-04-10,86.37517547607422
2015-04-13,86.39793395996094
2015-04-14,86.62532806396484
2015-04-15,86.890625
2015-04-16,86.98918151855469
2015-04-17,87.54253387451172
2015-04-20,87.30757141113281
2015-04-21,86.99674224853516
2015-04-22,86.59500885009766
2015-04-23,86.81484985351562
2015-04-24,87.18622589111328
2015-04-27,87.20140075683594
2015-04-28,86.7011489868164
2015-04-29,86.54195404052734
2015-04-30,86.68602752685547
2015-05-01,86.3297119140625
2015-05-04,85.99620819091797
2015-05-05,85.95825958251953
2015-05-06,85.26846313476562
2015-05-07,85.48827362060547
2015-05-08,85.84457397460938
2015-05-11,85.06381225585938
2015-05-12,85.1471939086914
2015-05-13,85.01835632324219
2015-05-14,85.177490234375
2015-05-15,85.76878356933594
2015-05-18,85.3139877319336
2015-05-19,84.90464782714844
2015-05-20,85.13203430175781
2015-05-21,85.45799255371094
2015-05-22,85.60201263427734
2015-05-25,85.60201263427734
2015-05-26,85.67022705078125
2015-05-27,85.59442138671875
2015-05-28,85.54137420654297
2015-05-29,85.81422424316406
2015-06-01,85.28363037109375
2015-06-02,84.93495178222656
2015-06-03,84.4119644165039
2015-06-04,84.64691162109375
2015-06-05,84.4119644165039
2015-06-08,84.52562713623047
2015-06-09,84.33613586425781
2015-06-10,84.0329360961914
2015-06-11,84.44982147216797
2015-06-12,84.49530792236328
2015-06-15,84.7682113647461
2015-06-16,85.26846313476562
2015-06-17,85.3670425415039
2015-06-18,85.16233825683594
2015-06-19,85.35943603515625
2015-06-22,84.98046112060547
2015-06-23,84.79090118408203
2015-06-24,84.94255065917969
2015-06-25,84.8515853881836
2015-06-26,84.47257995605469
2015-06-29,85.09415435791016
2015-06-30,84.93495178222656
2015-07-01,84.62419128417969
2015-07-02,84.9956283569336
2015-07-03,84.9956283569336
2015-07-06,85.32913970947266
2015-07-07,85.6095962524414
2015-07-08,85.71571350097656
2015-07-09,85.16233825683594
2015-07-10,84.76063537597656
2015-07-13,84.46500396728516
2015-07-14,84.60140991210938
2015-07-15,84.83641052246094
2015-07-16,84.94255065917969
2015-07-17,84.9122085571289
2015-07-20,84.68480682373047
2015-07-21,84.88191986083984
2015-07-22,84.91980743408203
2015-07-23,85.06381225585938
2015-07-24,84.97286224365234
2015-07-27,85.1471939086914
2015-07-28,84.94255065917969
2015-07-29,84.93495178222656
2015-07-30,85.05623626708984
2015-07-31,85.3897705078125
2015-08-03,85.3139877319336
2015-08-04,84.83641052246094
2015-08-05,84.57112884521484
2015-08-06,84.72270202636719
2015-08-07,84.95767974853516
2015-08-10,84.83641052246094
2015-08-11,85.18509674072266
2015-08-12,84.98802947998047
2015-08-13,84.76063537597656
2015-08-14,84.669677734375
2015-08-17,84.66210174560547
2015-08-18,84.4574203491211
2015-08-19,84.7454605102539
2015-08-20,84.98046112060547
2015-08-21,85.01074981689453
2015-08-24,84.71513366699219
2015-08-25,84.51046752929688
2015-08-26,84.00259399414062
2015-08-27,84.4119644165039
2015-08-28,84.65450286865234
2015-08-31,84.57865905761719
2015-09-01,84.42511749267578
2015-09-02,84.15908813476562
2015-09-03,84.16668701171875
2015-09-04,84.30357360839844
2015-09-07,84.30357360839844
2015-09-08,83.9234848022461
2015-09-09,84.1135025024414
2015-09-10,84.13634490966797
2015-09-11,84.37196350097656
2015-09-14,84.21234130859375
2015-09-15,83.64224243164062
2015-09-16,83.61942291259766
2015-09-17,84.27312469482422
2015-09-18,84.53916931152344
2015-09-21,84.00711822509766
2015-09-22,84.21234130859375
2015-09-23,84.15152740478516
2015-09-24,84.15908813476562
2015-09-25,83.71064758300781
2015-09-28,83.73348999023438
2015-09-29,83.9691162109375
2015-09-30,84.13634490966797
2015-10-01,84.44205474853516
2015-10-02,84.92875671386719
2015-10-05,84.67022705078125
2015-10-06,84.9135971069336
2015-10-07,84.89838409423828
2015-10-08,84.86796569824219
2015-10-09,84.63221740722656
2015-10-12,84.78428649902344
2015-10-13,84.73866271972656
2015-10-14,85.02767181396484
2015-10-15,84.86796569824219
2015-10-16,84.63977813720703
2015-10-19,84.49530792236328
2015-10-20,84.39643096923828
2015-10-21,84.44967651367188
2015-10-22,84.73866271972656
2015-10-23,84.61699676513672
2015-10-26,84.59416198730469
2015-10-27,84.78428649902344
2015-10-28,84.35839080810547
2015-10-29,84.13024139404297
2015-10-30,84.38880920410156
2015-11-02,84.35082244873047
2015-11-03,84.20626068115234
2015-11-04,84.09221649169922
2015-11-05,83.82601928710938
2015-11-06,83.4761962890625
2015-11-09,83.44572448730469
2015-11-10,83.41531372070312
2015-11-11,83.40771484375
2015-11-12,83.40771484375
2015-11-13,83.52183532714844
2015-11-16,83.4761962890625
2015-11-17,83.62825775146484
2015-11-18,83.74998474121094
2015-11-19,84.04656219482422
2015-11-20,84.11505126953125
2015-11-23,84.21385192871094
2015-11-24,84.30513763427734
2015-11-25,84.25953674316406
2015-11-26,84.25953674316406
2015-11-27,84.30513763427734
2015-11-30,84.26712799072266
2015-12-01,84.57892608642578
2015-12-02,84.28994750976562
2015-12-03,83.7651596069336
2015-12-04,83.9781494140625
2015-12-07,83.94771575927734
2015-12-08,83.97051239013672
2015-12-09,83.810791015625
2015-12-10,83.62825775146484
2015-12-11,83.90209197998047
2015-12-14,83.3012466430664
2015-12-15,83.25559997558594
2015-12-16,83.0122299194336
2015-12-17,83.3012466430664
2015-12-18,83.5293960571289
2015-12-21,83.3773193359375
2015-12-22,83.26325988769531
2015-12-23,83.3392562866211
2015-12-24,83.48381042480469
2015-12-25,83.48381042480469
2015-12-28,83.50662994384766
2015-12-29,83.18717956542969
2015-12-30,83.27842712402344
2015-12-31,83.41531372070312
2016-01-01,83.41531372070312
2016-01-04,83.74235534667969
2016-01-05,83.68912506103516
2016-01-06,83.95532989501953
2016-01-07,83.88687133789062
2016-01-08,83.95532989501953
2016-01-11,83.51420593261719
2016-01-12,83.74235534667969
2016-01-13,83.91728210449219
2016-01-14,83.84122467041016
2016-01-15,83.84122467041016
2016-01-18,83.84122467041016
2016-01-19,83.75756072998047
2016-01-20,83.8031997680664
2016-01-21,83.4990005493164
2016-01-22,83.62065887451172
2016-01-25,83.78041076660156
2016-01-26,83.99333953857422
2016-01-27,84.20626068115234
2016-01-28,84.38119506835938
2016-01-29,84.72344970703125
2016-02-01,84.57134246826172
2016-02-02,84.82992553710938
2016-02-03,84.93638610839844
2016-02-04,84.95158386230469
2016-02-05,84.71585083007812
2016-02-08,84.77667999267578
2016-02-09,84.5865478515625
2016-02-10,84.89838409423828
2016-02-11,85.1949691772461
2016-02-12,84.87557220458984
2016-02-15,84.87557220458984
2016-02-16,84.52567291259766
2016-02-17,84.38119506835938
2016-02-18,84.61699676513672
2016-02-19,84.68540954589844
2016-02-22,84.89077758789062
2016-02-23,85.14933776855469
2016-02-24,85.3395004272461
2016-02-25,85.68933868408203
2016-02-26,85.46875
2016-02-29,85.75775146484375
2016-03-01,85.52198791503906
2016-03-02,85.70453643798828
2016-03-03,85.87944793701172
2016-03-04,85.61328125
2016-03-07,85.27106475830078
2016-03-08,85.59808349609375
2016-03-09,85.5447998046875
2016-03-10,85.24820709228516
2016-03-11,85.21783447265625
2016-03-14,85.11892700195312
2016-03-15,84.95158386230469
2016-03-16,85.85662841796875
2016-03-17,86.04679107666016
2016-03-18,86.3357925415039
2016-03-21,86.35858154296875
2016-03-22,86.13804626464844
2016-03-23,86.22928619384766
2016-03-24,86.03157043457031
2016-03-25,86.03157043457031
2016-03-28,86.13804626464844
2016-03-29,87.04307556152344
2016-03-30,87.09629821777344
2016-03-31,87.18755340576172
2016-04-01,87.25601196289062
2016-04-04,87.36248779296875
2016-04-05,87.45375061035156
2016-04-06,87.22560119628906
2016-04-07,87.52980041503906
2016-04-08,87.35490417480469
2016-04-11,87.13431549072266
2016-04-12,86.76925659179688
2016-04-13,86.84532165527344
2016-04-14,86.63997650146484
2016-04-15,86.95179748535156
2016-04-18,86.93659210205078
2016-04-19,87.08870697021484
2016-04-20,86.72367095947266
2016-04-21,86.61719512939453
2016-04-22,86.5639419555664
2016-04-25,86.46507263183594
2016-04-26,86.42700958251953
2016-04-27,86.95179748535156
2016-04-28,87.40811157226562
2016-04-29,87.37010192871094
2016-05-02,87.08110809326172
2016-05-03,87.11917114257812
2016-05-04,87.21800231933594
2016-05-05,87.4993896484375
2016-05-06,87.1951675415039
2016-05-09,87.24845123291016
2016-05-10,87.51461791992188
2016-05-11,87.4993896484375
2016-05-12,87.43856048583984
2016-05-13,87.6515121459961
2016-05-16,87.55265045166016
2016-05-17,87.61346435546875
2016-05-18,86.85295104980469
2016-05-19,86.81493377685547
2016-05-20,86.76925659179688
2016-05-23,86.81493377685547
2016-05-24,86.73124694824219
2016-05-25,86.79969787597656
2016-05-26,87.0506820678711
2016-05-27,86.93659210205078
2016-05-30,86.93659210205078
2016-05-31,86.80729675292969
2016-06-01,86.6749496459961
2016-06-02,86.97161865234375
2016-06-03,87.53459167480469
2016-06-06,87.63351440429688
2016-06-07,87.86933135986328
2016-06-08,88.07476043701172
2016-06-09,88.10517120361328
2016-06-10,88.10517120361328
2016-06-13,87.99104309082031
2016-06-14,87.77044677734375
2016-06-15,88.1812515258789
2016-06-16,88.00630187988281
2016-06-17,87.78568267822266
2016-06-20,87.53459167480469
2016-06-21,87.26834106445312
2016-06-22,87.50420379638672
2016-06-23,87.53459167480469
2016-06-24,88.08238220214844
2016-06-27,88.34104919433594
2016-06-28,88.64533233642578
2016-06-29,88.59207153320312
2016-06-30,88.75946807861328
2016-07-01,89.44873809814453
2016-07-04,89.44873809814453
2016-07-05,89.59387969970703
2016-07-06,89.80785369873047
2016-07-07,89.6244888305664
2016-07-08,89.82316589355469
2016-07-11,89.38755798339844
2016-07-12,89.08958435058594
2016-07-13,89.28059387207031
2016-07-14,89.05134582519531
2016-07-15,88.9520263671875
2016-07-18,88.89090728759766
2016-07-19,88.89852905273438
2016-07-20,88.73809051513672
2016-07-21,88.77625274658203
2016-07-22,88.69983673095703
2016-07-25,88.50884246826172
2016-07-26,88.66165924072266
2016-07-27,89.0055160522461
2016-07-28,89.12772369384766
2016-07-29,89.32644653320312
2016-08-01,88.79788208007812
2016-08-02,88.36060333251953
2016-08-03,88.61376953125
2016-08-04,88.98200988769531
2016-08-05,88.76715850830078
2016-08-08,88.82855987548828
2016-08-09,89.04335021972656
2016-08-10,89.06637573242188
2016-08-11,88.82855987548828
2016-08-12,89.05872344970703
2016-08-15,88.82855987548828
2016-08-16,88.70582580566406
2016-08-17,88.97432708740234
2016-08-18,89.12772369384766
2016-08-19,88.98200988769531
2016-08-22,89.16610717773438
2016-08-23,89.28884887695312
2016-08-24,89.1507797241211
2016-08-25,89.10474395751953
2016-08-26,88.7594985961914
2016-08-29,89.08175659179688
2016-08-30,89.00498962402344
2016-08-31,89.02033996582031
2016-09-01,89.0958251953125
2016-09-02,88.99571228027344
2016-09-05,88.99571228027344
2016-09-06,89.41918182373047
2016-09-07,89.5346908569336
2016-09-08,89.218994140625
2016-09-09,88.60308074951172
2016-09-12,88.63385772705078
2016-09-13,88.24117279052734
2016-09-14,88.37977600097656
2016-09-15,88.356689453125
2016-09-16,88.50294494628906
2016-09-19,88.39514923095703
2016-09-20,88.37977600097656
2016-09-21,88.7955093383789
2016-09-22,89.23439025878906
2016-09-23,89.48074340820312
2016-09-26,89.5192642211914
2016-09-27,89.59625244140625
2016-09-28,89.70404052734375
2016-09-29,89.68862915039062
2016-09-30,89.68862915039062
2016-10-03,89.60394287109375
2016-10-04,89.16507720947266
2016-10-05,89.01879119873047
2016-10-06,89.06497955322266
2016-10-07,89.04192352294922
2016-10-10,88.91871643066406
2016-10-11,88.84943389892578
2016-10-12,88.81864166259766
2016-10-13,88.95720672607422
2016-10-14,88.87252044677734
2016-10-17,89.27289581298828
2016-10-18,89.32677459716797
2016-10-19,89.44998168945312
2016-10-20,89.31137084960938
2016-10-21,89.4114990234375
2016-10-24,89.27289581298828
2016-10-25,89.4114990234375
2016-10-26,89.31907653808594
2016-10-27,88.9341049194336
2016-10-28,89.03419494628906
2016-10-31,89.2035903930664
2016-11-01,89.21126556396484
2016-11-02,89.24980926513672
2016-11-03,88.99571228027344
2016-11-04,89.22666931152344
2016-11-07,89.18050384521484
2016-11-08,89.02654266357422
2016-11-09,88.3643798828125
2016-11-10,88.21038818359375
2016-11-11,87.9639892578125
2016-11-14,87.28649139404297
2016-11-15,87.34039306640625
2016-11-16,87.5251235961914
2016-11-17,87.37889099121094
2016-11-18,87.24799346923828
2016-11-21,87.45585632324219
2016-11-22,87.53284454345703
2016-11-23,87.24028778076172
2016-11-24,87.24028778076172
2016-11-25,87.09400939941406
2016-11-28,87.22489166259766
2016-11-29,87.30958557128906
2016-11-30,87.35576629638672
2016-12-01,87.104248046875
2016-12-02,87.1505355834961
2016-12-05,87.27397918701172
2016-12-06,87.44371032714844
2016-12-07,87.52091217041016
2016-12-08,87.43602752685547
2016-12-09,87.0347671508789
2016-12-12,87.0193862915039
2016-12-13,86.9885025024414
2016-12-14,86.30179595947266
2016-12-15,85.76168060302734
2016-12-16,85.71539306640625
2016-12-19,86.07027435302734
2016-12-20,86.15518951416016
2016-12-21,86.37123107910156
2016-12-22,86.64126586914062
2016-12-23,86.7416000366211
2016-12-26,86.7416000366211
2016-12-27,86.7030029296875
2016-12-28,86.92679595947266
2016-12-29,87.0347671508789
2016-12-30,87.32029724121094
2017-01-02,87.32029724121094
2017-01-03,87.4051513671875
2017-01-04,87.5980453491211
2017-01-05,87.89896392822266
2017-01-06,87.53633880615234
2017-01-09,87.67523193359375
2017-01-10,87.7446517944336
2017-01-11,88.02246856689453
2017-01-12,88.09957885742188
2017-01-13,87.94526672363281
2017-01-16,87.94526672363281
2017-01-17,88.22305297851562
2017-01-18,87.79096221923828
2017-01-19,87.72149658203125
2017-01-20,87.7369384765625
2017-01-23,88.09186553955078
2017-01-24,87.94526672363281
2017-01-25,87.6597671508789
2017-01-26,87.79096221923828
2017-01-27,87.93754577636719
2017-01-30,87.91439819335938
2017-01-31,88.09957885742188
2017-02-01,87.91439819335938
2017-02-02,87.92212677001953
2017-02-03,87.82948303222656
2017-02-06,88.04553985595703
2017-02-07,88.00698852539062
2017-02-08,88.2153091430664
2017-02-09,88.04553985595703
2017-02-10,88.11502838134766
2017-02-13,87.97612762451172
2017-02-14,87.7677993774414
2017-02-15,87.8835220336914
2017-02-16,87.8835220336914
2017-02-17,88.08415222167969
2017-02-20,88.08415222167969
2017-02-21,88.07645416259766
2017-02-22,88.23846435546875
2017-02-23,88.44677734375
2017-02-24,88.70142364501953
2017-02-27,88.46224975585938
2017-02-28,88.46224975585938
2017-03-01,87.9298324584961
2017-03-02,87.6520767211914
2017-03-03,87.8526382446289
2017-03-06,87.76008605957031
2017-03-07,87.6057357788086
2017-03-08,87.2276840209961
2017-03-09,86.99617767333984
2017-03-10,87.15825653076172
2017-03-13,86.95763397216797
2017-03-14,86.89591217041016
2017-03-15,87.68293762207031
2017-03-16,87.62117767333984
2017-03-17,87.81413269042969
2017-03-20,87.94526672363281
2017-03-21,88.00698852539062
2017-03-22,88.153564453125
2017-03-23,88.05327606201172
2017-03-24,88.30789184570312
2017-03-27,88.47765350341797
2017-03-28,88.18446350097656
2017-03-29,88.41592407226562
2017-03-30,88.19987487792969
2017-03-31,88.46224975585938
2017-04-03,88.67466735839844
2017-04-04,88.57424926757812
2017-04-05,88.74423217773438
2017-04-06,88.6978759765625
2017-04-07,88.35021209716797
2017-04-10,88.39653778076172
2017-04-11,88.56653594970703
2017-04-12,88.89874267578125
2017-04-13,89.03009033203125
2017-04-14,89.03009033203125
2017-04-17,88.82151794433594
2017-04-18,89.0146255493164
2017-04-19,88.8523941040039
2017-04-20,88.75968933105469
2017-04-21,88.63609313964844
2017-04-24,88.61288452148438
2017-04-25,88.46609497070312
2017-04-26,88.65149688720703
2017-04-27,88.72876739501953
2017-04-28,88.86013793945312
2017-05-01,88.56114196777344
2017-05-02,88.56114196777344
2017-05-03,88.36748504638672
2017-05-04,88.03446960449219
2017-05-05,88.10417938232422
2017-05-08,87.76339721679688
2017-05-09,87.68592834472656
2017-05-10,87.71691131591797
2017-05-11,87.98023986816406
2017-05-12,88.11967468261719
2017-05-15,87.88728332519531
2017-05-16,87.94927978515625
2017-05-17,88.46046447753906
2017-05-18,88.5998764038086
2017-05-19,88.75476837158203
2017-05-22,88.6153793334961
2017-05-23,88.48367309570312
2017-05-24,88.53793334960938
2017-05-25,88.39848327636719
2017-05-26,88.60761260986328
2017-05-29,88.60761260986328
2017-05-30,88.80127716064453
2017-05-31,88.82452392578125
2017-06-01,88.78411102294922
2017-06-02,89.14125061035156
2017-06-05,88.90834045410156
2017-06-06,89.00923919677734
2017-06-07,88.79964447021484
2017-06-08,88.70649719238281
2017-06-09,88.62886810302734
2017-06-12,88.44255065917969
2017-06-13,88.59004211425781
2017-06-14,88.60557556152344
2017-06-15,88.17089080810547
2017-06-16,88.24848937988281
2017-06-19,88.1475830078125
2017-06-20,88.24071502685547
2017-06-21,88.38044738769531
2017-06-22,88.66767120361328
2017-06-23,88.7375717163086
2017-06-26,88.87728118896484
2017-06-27,88.45809936523438
2017-06-28,88.52796936035156
2017-06-29,88.17859649658203
2017-06-30,88.054443359375
2017-07-03,87.89256286621094
2017-07-04,87.89256286621094
2017-07-05,88.02484130859375
2017-07-06,87.79911041259766
2017-07-07,87.52676391601562
2017-07-10,87.48780822753906
2017-07-11,87.76801300048828
2017-07-12,88.02484130859375
2017-07-13,87.99369049072266
2017-07-14,87.98594665527344
2017-07-17,88.16495513916016
2017-07-18,88.41397857666016
2017-07-19,88.4840316772461
2017-07-20,88.26610565185547
2017-07-21,88.39840698242188
2017-07-24,88.39840698242188
2017-07-25,88.05597686767578
2017-07-26,88.31282806396484
2017-07-27,88.25055694580078
2017-07-28,88.46070098876953
2017-07-31,88.46070098876953
2017-08-01,88.5363540649414
2017-08-02,88.48955535888672
2017-08-03,88.73128509521484
2017-08-04,88.60652160644531
2017-08-07,88.70787811279297
2017-08-08,88.77025604248047
2017-08-09,88.93399810791016
2017-08-10,89.16015625
2017-08-11,89.10553741455078
2017-08-14,88.75462341308594
2017-08-15,88.48955535888672
2017-08-16,88.64546966552734
2017-08-17,88.86383056640625
2017-08-18,88.8794174194336
2017-08-21,88.91062927246094
2017-08-22,88.80142974853516
2017-08-23,89.04317474365234
2017-08-24,88.81706237792969
2017-08-25,88.9651870727539
2017-08-28,89.03538513183594
2017-08-29,89.1757583618164
2017-08-30,89.15237426757812
2017-08-31,89.37850189208984
2017-09-01,89.17295837402344
2017-09-04,89.17295837402344
2017-09-05,89.75120544433594
2017-09-06,89.64179992675781
2017-09-07,90.01687622070312
2017-09-08,90.03253936767578
2017-09-11,89.6886978149414
2017-09-12,89.54021453857422
2017-09-13,89.3761215209961
2017-09-14,89.51676177978516
2017-09-15,89.46989440917969
2017-09-18,89.4308090209961
2017-09-19,89.32926940917969
2017-09-20,89.07918548583984
2017-09-21,88.87605285644531
2017-09-22,89.1026382446289
2017-09-25,89.35267639160156
2017-09-26,89.28237915039062
2017-09-27,89.00886535644531
2017-09-28,88.94636535644531
2017-09-29,88.75102996826172
2017-10-02,88.63218688964844
2017-10-03,88.71821594238281
2017-10-04,88.79631805419922
2017-10-05,88.70254516601562
2017-10-06,88.63218688964844
2017-10-09,88.66349029541016
2017-10-10,88.81983184814453
2017-10-11,88.92926025390625
2017-10-12,89.09341430664062
2017-10-13,89.21847534179688
2017-10-16,89.01521301269531
2017-10-17,88.85111236572266
2017-10-18,88.74163055419922
2017-10-19,88.85891723632812
2017-10-20,88.6556396484375
2017-10-23,88.66349029541016
2017-10-24,88.53841400146484
2017-10-25,88.4446029663086
2017-10-26,88.40550231933594
2017-10-27,88.6869125366211
2017-10-30,88.92145538330078
2017-10-31,88.96054077148438
2017-11-01,89.05294799804688
2017-11-02,89.18607330322266
2017-11-03,89.24872589111328
2017-11-06,89.39757537841797
2017-11-07,89.52288818359375
2017-11-08,89.46806335449219
2017-11-09,89.45240783691406
2017-11-10,89.06078338623047
2017-11-13,89.05294799804688
2017-11-14,89.16258239746094
2017-11-15,89.4132080078125
2017-11-16,89.22523498535156
2017-11-17,89.38191223144531
2017-11-20,89.24872589111328
2017-11-21,89.24093627929688
2017-11-22,89.5072021484375
2017-11-23,89.5072021484375
2017-11-24,89.39757537841797
2017-11-27,89.38191223144531
2017-11-28,89.37405395507812
2017-11-29,89.13127136230469
2017-11-30,89.03726959228516
2017-12-01,89.37635040283203
2017-12-04,89.4078140258789
2017-12-05,89.50222778320312
2017-12-06,89.59663391113281
2017-12-07,89.47863006591797
2017-12-08,89.43928527832031
2017-12-11,89.36845397949219
2017-12-12,89.43928527832031
2017-12-13,89.59663391113281
2017-12-14,89.59663391113281
2017-12-15,89.59663391113281
2017-12-18,89.43928527832031
2017-12-19,89.17180633544922
2017-12-20,88.87284088134766
2017-12-21,89.10603332519531
2017-12-22,89.16117095947266
2017-12-25,89.16117095947266
2017-12-26,89.239990234375
2017-12-27,89.61024475097656
2017-12-28,89.64173126220703
2017-12-29,89.8702163696289
2018-01-01,89.8702163696289
2018-01-02,89.64962768554688
2018-01-03,89.73624420166016
2018-01-04,89.75991821289062
2018-01-05,89.74413299560547
2018-01-08,89.64962768554688
2018-01-09,89.35816192626953
2018-01-10,89.32662963867188
2018-01-11,89.23210144042969
2018-01-12,89.31875610351562
2018-01-15,89.31875610351562
2018-01-16,89.46839904785156
2018-01-17,89.40540313720703
2018-01-18,89.32662963867188
2018-01-19,89.17694854736328
2018-01-22,89.12970733642578
2018-01-23,89.26364135742188
2018-01-24,89.2005615234375
2018-01-25,89.36601257324219
2018-01-26,89.31085205078125
2018-01-29,89.09815979003906
2018-01-30,88.88548278808594
2018-01-31,89.10603332519531
2018-02-01,88.64984893798828
2018-02-02,88.53952026367188
2018-02-05,88.87044525146484
2018-02-06,88.50798797607422
2018-02-07,88.31102752685547
2018-02-08,88.12980651855469
2018-02-09,87.85401916503906
2018-02-12,87.91704559326172
2018-02-13,87.9801025390625
2018-02-14,87.90130615234375
2018-02-15,87.94857025146484
2018-02-16,88.09043884277344
2018-02-19,88.09043884277344
2018-02-20,88.0195083618164
2018-02-21,87.76737976074219
2018-02-22,87.84614562988281
2018-02-23,88.16920471191406
2018-02-26,88.27950286865234
2018-02-27,88.05889892578125
2018-02-28,88.1849594116211
2018-03-01,88.45284271240234
2018-03-02,88.38195037841797
2018-03-05,88.3267822265625
2018-03-06,88.30313873291016
2018-03-07,88.30313873291016
2018-03-08,88.38985443115234
2018-03-09,88.25586700439453
2018-03-12,88.31890869140625
2018-03-13,88.38985443115234
2018-03-14,88.53952026367188
2018-03-15,88.54740142822266
2018-03-16,88.39768981933594
2018-03-19,88.3425521850586
2018-03-20,88.20860290527344
2018-03-21,88.39768981933594
2018-03-22,88.65770721435547
2018-03-23,88.70499420166016
2018-03-26,88.54740142822266
2018-03-27,88.88619995117188
2018-03-28,88.88619995117188
2018-03-29,89.07532501220703
2018-03-30,89.07532501220703
2018-04-02,89.16383361816406
2018-04-03,89.10850524902344
2018-04-04,89.06111907958984
2018-04-05,88.80828857421875
2018-04-06,89.16383361816406
2018-04-09,89.14799499511719
2018-04-10,89.10850524902344
2018-04-11,89.36917877197266
2018-04-12,89.22699737548828
2018-04-13,89.35340118408203
2018-04-16,89.2743911743164
2018-04-17,89.40869903564453
2018-04-18,89.22699737548828
2018-04-19,89.08477783203125
2018-04-20,88.77669525146484
2018-04-23,88.75298309326172
2018-04-24,88.50811004638672
2018-04-25,88.37383270263672
2018-04-26,88.6028823852539
2018-04-27,88.8873062133789
2018-04-30,88.9583969116211
2018-05-01,88.70367431640625
2018-05-02,88.8147964477539
2018-05-03,88.92586517333984
2018-05-04,88.94969177246094
2018-05-07,88.96554565429688
2018-05-08,88.80683135986328
2018-05-09,88.75132751464844
2018-05-10,88.92586517333984
2018-05-11,88.92586517333984
2018-05-14,88.70367431640625
2018-05-15,88.41803741455078
2018-05-16,88.29109954833984
2018-05-17,88.12445831298828
2018-05-18,88.36248779296875
2018-05-21,88.39421844482422
2018-05-22,88.35456085205078
2018-05-23,88.60848999023438
2018-05-24,88.71158599853516
2018-05-25,88.83859252929688
2018-05-28,88.83859252929688
2018-05-29,89.3623046875
2018-05-30,89.19566345214844
2018-05-31,89.2511978149414
2018-06-01,89.12068176269531
2018-06-04,88.93761444091797
2018-06-05,89.13658905029297
2018-06-06,88.94560241699219
2018-06-07,89.2162094116211
2018-06-08,89.06497955322266
2018-06-11,89.06497955322266
2018-06-12,88.99335479736328
2018-06-13,88.93761444091797
2018-06-14,89.16841888427734
2018-06-15,89.20024108886719
2018-06-18,89.27185821533203
2018-06-19,89.4151382446289
2018-06-20,89.16841888427734
2018-06-21,89.32760620117188
2018-06-22,89.45494079589844
2018-06-25,89.49473571777344
2018-06-26,89.62208557128906
2018-06-27,89.91656494140625
2018-06-28,89.79718780517578
2018-06-29,89.82901763916016
2018-07-02,89.86174774169922
2018-07-03,90.05350494384766
2018-07-04,90.05350494384766
2018-07-05,90.1573486328125
2018-07-06,90.28517150878906
2018-07-09,90.1014404296875
2018-07-10,89.96560668945312
2018-07-11,90.06151580810547
2018-07-12,89.98958587646484
2018-07-13,90.16535186767578
2018-07-16,89.92568969726562
2018-07-17,89.80583953857422
2018-07-18,89.66204071044922
2018-07-19,89.7898941040039
2018-07-20,89.57414245605469
2018-07-23,89.15068817138672
2018-07-24,89.19867706298828
2018-07-25,89.21466827392578
2018-07-26,89.12673950195312
2018-07-27,89.26258087158203
2018-07-30,89.21466827392578
2018-07-31,89.3504409790039
2018-08-01,89.13224029541016
2018-08-02,89.18037414550781
2018-08-03,89.35687255859375
2018-08-06,89.37290954589844
2018-08-07,89.2525634765625
2018-08-08,89.26061248779297
2018-08-09,89.46918487548828
2018-08-10,89.75798797607422
2018-08-13,89.74195861816406
2018-08-14,89.62965393066406
2018-08-15,89.8061294555664
2018-08-16,89.75
2018-08-17,89.79010772705078
2018-08-20,89.96659851074219
2018-08-21,89.91043090820312
2018-08-22,90.10297393798828
2018-08-23,90.17520141601562
2018-08-24,90.2634048461914
2018-08-27,90.12703704833984
2018-08-28,89.9505386352539
2018-08-29,89.9505386352539
2018-08-30,90.03079223632812
2018-08-31,89.92647552490234
2018-09-03,89.92647552490234
2018-09-04,89.80250549316406
2018-09-05,89.71393585205078
2018-09-06,89.79444885253906
2018-09-07,89.5368423461914
2018-09-10,89.56097412109375
2018-09-11,89.37583923339844
2018-09-12,89.45632934570312
2018-09-13,89.3275146484375
2018-09-14,89.16651153564453
2018-09-17,89.18263244628906
2018-09-18,88.99747467041016
2018-09-19,88.90087127685547
2018-09-20,89.02164459228516
2018-09-21,89.02970886230469
2018-09-24,88.94110870361328
2018-09-25,88.908935546875
2018-09-26,89.06183624267578
2018-09-27,89.09406280517578
2018-09-28,89.05380249023438
2018-10-01,88.78872680664062
2018-10-02,88.9337387084961
2018-10-03,88.50669860839844
2018-10-04,88.28913116455078
2018-10-05,88.04740142822266
2018-10-08,88.00708770751953
2018-10-09,88.25689697265625
2018-10-10,88.16825866699219
2018-10-11,88.31328582763672
2018-10-12,88.17633819580078
2018-10-15,88.23272705078125
2018-10-16,88.24078369140625
2018-10-17,88.03125762939453
2018-10-18,87.96678924560547
2018-10-19,87.88627624511719
2018-10-22,87.83789825439453
2018-10-23,87.8620834350586
2018-10-24,88.15215301513672
2018-10-25,87.78152465820312
2018-10-26,88.22466278076172
2018-10-29,88.13605499267578
2018-10-30,87.9023666381836
2018-10-31,87.7009048461914
2018-11-01,87.58882141113281
2018-11-02,87.32270050048828
2018-11-05,87.48401641845703
2018-11-06,87.45170593261719
2018-11-07,87.5162582397461
2018-11-08,87.39527893066406
2018-11-09,87.60491943359375
2018-11-12,87.7904052734375
2018-11-13,87.71783447265625
2018-11-14,87.7259292602539
2018-11-15,87.7984848022461
2018-11-16,88.16139221191406
2018-11-19,88.12107849121094
2018-11-20,87.9920654296875
2018-11-21,87.95169830322266
2018-11-22,87.95169830322266
2018-11-23,87.81462860107422
2018-11-26,87.71783447265625
2018-11-27,87.48401641845703
2018-11-28,87.58882141113281
2018-11-29,88.10492706298828
2018-11-30,88.12107849121094
2018-12-03,88.28661346435547
2018-12-04,88.55316925048828
2018-12-05,88.55316925048828
2018-12-06,88.56121826171875
2018-12-07,88.69044494628906
2018-12-10,88.47239685058594
2018-12-11,88.1170425415039
2018-12-12,87.98780059814453
2018-12-13,88.00398254394531
2018-12-14,88.06858825683594
2018-12-17,88.22203063964844
2018-12-18,88.4517822265625
2018-12-19,88.60547637939453
2018-12-20,88.35465240478516
2018-12-21,88.31424713134766
2018-12-24,88.44369506835938
2018-12-25,88.44369506835938
2018-12-26,88.26570129394531
2018-12-27,88.26570129394531
2018-12-28,88.5245590209961
2018-12-31,88.58929443359375
2019-01-01,88.58929443359375
2019-01-02,88.7268295288086
2019-01-03,89.24455261230469
2019-01-04,89.05848693847656
2019-01-07,89.00186920166016
2019-01-08,89.07467651367188
2019-01-09,89.17984008789062
2019-01-10,88.96952056884766
2019-01-11,89.20409393310547
2019-01-14,89.04232788085938
2019-01-15,88.96142578125
2019-01-16,88.95332336425781
2019-01-17,88.88052368164062
2019-01-18,88.77536010742188
2019-01-21,88.77536010742188
2019-01-22,88.83196258544922
2019-01-23,88.7268295288086
2019-01-24,88.86434936523438
2019-01-25,88.7268295288086
2019-01-28,88.60547637939453
2019-01-29,88.86434936523438
2019-01-30,89.34969329833984
2019-01-31,89.85128784179688
2019-02-01,89.53578186035156
2019-02-04,89.35780334472656
2019-02-05,89.47915649414062
2019-02-06,89.42251586914062
2019-02-07,89.56005859375
2019-02-08,89.60050201416016
2019-02-11,89.41442108154297
2019-02-12,89.43060302734375
2019-02-13,89.41442108154297
2019-02-14,89.66519927978516
2019-02-15,89.66519927978516
2019-02-18,89.66519927978516
2019-02-19,89.87555694580078
2019-02-20,89.90790557861328
2019-02-21,89.75421905517578
2019-02-22,89.98878479003906
2019-02-25,89.92407989501953
2019-02-26,90.05350494384766
2019-02-27,89.84319305419922
2019-02-28,89.69758605957031
2019-03-01,89.51957702636719
2019-03-04,89.64901733398438
2019-03-05,89.61669158935547
2019-03-06,89.72185516357422
2019-03-07,89.97261810302734
2019-03-08,90.05350494384766
2019-03-11,90.03733825683594
2019-03-12,90.20723724365234
2019-03-13,90.3123779296875
2019-03-14,90.2880859375
2019-03-15,90.60358428955078
2019-03-18,90.59551239013672
2019-03-19,90.51461791992188
2019-03-20,91.1132583618164
2019-03-21,91.10519409179688
2019-03-22,91.38020324707031
2019-03-25,91.35591888427734
2019-03-26,91.19413757324219
2019-03-27,91.23458862304688
2019-03-28,91.30738830566406
2019-03-29,91.4692153930664
2019-04-01,91.12945556640625
2019-04-02,91.21841430664062
2019-04-03,90.935302734375
2019-04-04,90.99996948242188
2019-04-05,91.10519409179688
2019-04-08,91.01616668701172
2019-04-09,91.10519409179688
2019-04-10,91.43680572509766
2019-04-11,91.22651672363281
2019-04-12,91.05662536621094
2019-04-15,91.10519409179688
2019-04-16,90.89481353759766
2019-04-17,90.87864685058594
2019-04-18,91.13752746582031
2019-04-19,91.13752746582031
2019-04-22,91.04854583740234
2019-04-23,91.25885772705078
2019-04-24,91.5743637084961
2019-04-25,91.5743637084961
2019-04-26,91.77658081054688
2019-04-29,91.51773834228516
2019-04-30,91.67143249511719
2019-05-01,91.47318267822266
2019-05-02,91.10094451904297
2019-05-03,91.35179901123047
2019-05-06,91.4893798828125
2019-05-07,91.53790283203125
2019-05-08,91.30323028564453
2019-05-09,91.45696258544922
2019-05-10,91.6593017578125
2019-05-13,91.85350799560547
2019-05-14,91.91827392578125
2019-05-15,92.1043472290039
2019-05-16,91.95869445800781
2019-05-17,91.86969757080078
2019-05-20,91.7483139038086
2019-05-21,91.79689025878906
2019-05-22,91.82923126220703
2019-05-23,92.02344512939453
2019-05-24,92.17717742919922
2019-05-27,92.17717742919922
2019-05-28,92.22575378417969
2019-05-29,92.38756561279297
2019-05-30,92.69510650634766
2019-05-31,93.2777099609375
2019-06-03,93.5291748046875
2019-06-04,93.34198760986328
2019-06-05,93.39897155761719
2019-06-06,93.34198760986328
2019-06-07,93.68375396728516
2019-06-10,93.17927551269531
2019-06-11,93.05718994140625
2019-06-12,93.10604858398438
2019-06-13,93.1385498046875
2019-06-14,92.99207305908203
2019-06-17,92.81307983398438
2019-06-18,93.19552612304688
2019-06-19,93.73258972167969
2019-06-20,94.26151275634766
2019-06-21,93.83834838867188
2019-06-24,94.01739501953125
2019-06-25,93.85466766357422
2019-06-26,93.7651596069336
2019-06-27,93.94416809082031
2019-06-28,93.97669982910156
2019-07-01,93.78199768066406
2019-07-02,93.83109283447266
2019-07-03,94.07649993896484
2019-07-04,94.07649993896484
2019-07-05,93.7901840209961
2019-07-08,93.80654907226562
2019-07-09,93.90472412109375
2019-07-10,94.06831359863281
2019-07-11,93.77384948730469
2019-07-12,93.93743133544922
2019-07-15,94.1746597290039
2019-07-16,94.01922607421875
2019-07-17,94.21556091308594
2019-07-18,94.41191101074219
2019-07-19,94.26467895507812
2019-07-22,94.28922271728516
2019-07-23,94.26467895507812
2019-07-24,94.28922271728516
2019-07-25,94.1337661743164
2019-07-26,94.06831359863281
2019-07-29,93.98651885986328
2019-07-30,94.12559509277344
2019-07-31,94.27285766601562
2019-08-01,94.61725616455078
2019-08-02,94.68282318115234
2019-08-05,95.01082611083984
2019-08-06,95.36339569091797
2019-08-07,95.41260528564453
2019-08-08,95.65859985351562
2019-08-09,95.5602035522461
2019-08-12,95.94560241699219
2019-08-13,95.78978729248047
2019-08-14,95.97021484375
2019-08-15,96.39654541015625
2019-08-16,96.11779022216797
2019-08-19,95.75701904296875
2019-08-20,95.8800048828125
2019-08-21,95.78162384033203
2019-08-22,95.6996078491211
2019-08-23,96.24899291992188
2019-08-26,96.14239501953125
2019-08-27,96.5933837890625
2019-08-28,96.7819595336914
2019-08-29,96.8393783569336
2019-08-30,96.47039031982422
2019-09-02,96.47039031982422
2019-09-03,96.35469055175781
2019-09-04,96.59262084960938
2019-09-05,96.15779876708984
2019-09-06,96.23985290527344
2019-09-09,95.74764251708984
2019-09-10,95.19796752929688
2019-09-11,95.09131622314453
2019-09-12,95.01746368408203
2019-09-13,94.45963287353516
2019-09-16,95.02568817138672
2019-09-17,95.14875030517578
2019-09-18,94.8533935546875
2019-09-19,95.0420913696289
2019-09-20,95.56713104248047
2019-09-23,95.69839477539062
2019-09-24,95.91170501708984
2019-09-25,95.41123962402344
2019-09-26,95.46869659423828
2019-09-27,95.32102966308594
2019-09-30,95.4030532836914
2019-10-01,95.58879089355469
2019-10-02,95.58879089355469
2019-10-03,95.892822265625
2019-10-04,96.1886978149414
2019-10-07,95.92570495605469
2019-10-08,95.8353042602539
2019-10-09,95.63807678222656
2019-10-10,95.33403778076172
2019-10-11,95.03820037841797
2019-10-14,95.19432067871094
2019-10-15,94.87383270263672
2019-10-16,95.02178192138672
2019-10-17,95.15321350097656
2019-10-18,95.30115509033203
2019-10-21,94.99712371826172
2019-10-22,95.28472137451172
2019-10-23,95.3504638671875
2019-10-24,95.40802001953125
2019-10-25,95.42442321777344
2019-10-28,94.96424865722656
2019-10-29,94.72589874267578
2019-10-30,95.07925415039062
2019-10-31,95.37510681152344
2019-11-01,95.5148696899414
2019-11-04,95.44908905029297
2019-11-05,95.26830291748047
2019-11-06,95.5723876953125
2019-11-07,95.03812408447266
2019-11-08,94.98062896728516
2019-11-11,95.02989959716797
2019-11-12,95.01348876953125
2019-11-13,95.09564971923828
2019-11-14,95.31758117675781
2019-11-15,95.20252990722656
2019-11-18,95.39154052734375
2019-11-19,95.56417083740234
2019-11-20,95.93400573730469
2019-11-21,95.72034454345703
2019-11-22,95.75318908691406
2019-11-25,95.86004638671875
2019-11-26,96.06553649902344
2019-11-27,95.87647247314453
2019-11-28,95.87647247314453
2019-11-29,95.6545639038086
2019-12-02,95.51802062988281
2019-12-03,96.11030578613281
2019-12-04,96.04447937011719
2019-12-05,95.90464782714844
2019-12-06,95.83883666992188
2019-12-09,95.863525390625
2019-12-10,95.83883666992188
2019-12-11,96.17611694335938
2019-12-12,95.70719146728516
2019-12-13,96.0938720703125
2019-12-16,95.87174224853516
2019-12-17,96.00336456298828
2019-12-18,95.89641571044922
2019-12-19,96.05207824707031
2019-12-20,96.00263214111328
2019-12-23,95.83795928955078
2019-12-24,95.9532470703125
2019-12-25,95.9532470703125
2019-12-26,96.01912689208984
2019-12-27,96.05207824707031
2019-12-30,96.08499908447266
2019-12-31,95.98616790771484
2020-01-01,95.98616790771484
2020-01-02,96.45552062988281
2020-01-03,96.90018463134766
2020-01-06,96.65316009521484
2020-01-07,96.35670471191406
2020-01-08,96.26614379882812
2020-01-09,96.25792694091797
2020-01-10,96.546142578125
2020-01-13,96.52965545654297
2020-01-14,96.66138458251953
2020-01-15,96.73545837402344
2020-01-16,96.57904052734375
2020-01-17,96.422607421875
2020-01-20,96.422607421875
2020-01-21,96.73545837402344
2020-01-22,96.66961669921875
2020-01-23,96.86724090576172
2020-01-24,97.08130645751953
2020-01-27,97.30368041992188
2020-01-28,97.15544891357422
2020-01-29,97.5094985961914
2020-01-30,97.61654663085938
2020-01-31,98.0364990234375
2020-02-03,97.80322265625
2020-02-04,97.38282775878906
2020-02-05,97.0943603515625
2020-02-06,97.27567291259766
2020-02-07,97.67134094238281
2020-02-10,97.81971740722656
2020-02-11,97.53119659423828
2020-02-12,97.43228912353516
2020-02-13,97.63836669921875
2020-02-14,97.71253204345703
2020-02-17,97.71253204345703
2020-02-18,97.92688751220703
2020-02-19,97.88565063476562
2020-02-20,98.07524108886719
2020-02-21,98.25659942626953
2020-02-24,98.7099609375
2020-02-25,98.54511260986328
2020-02-26,98.4956283569336
2020-02-27,98.78413391113281
2020-02-28,98.94075775146484
2020-03-02,99.17156219482422
2020-03-03,100.17721557617188
2020-03-04,100.02883911132812
2020-03-05,100.34207916259766
2020-03-06,101.00975036621094
2020-03-09,98.93252563476562
2020-03-10,96.096923828125
2020-03-11,93.92076110839844
2020-03-12,93.69818878173828
2020-03-13,94.06912994384766
2020-03-16,93.41793060302734
2020-03-17,90.80491638183594
2020-03-18,89.69212341308594
2020-03-19,91.43140411376953
2020-03-20,95.50344848632812
2020-03-23,97.30040740966797
2020-03-24,97.35808563232422
2020-03-25,98.29781341552734
2020-03-26,98.8006362915039
2020-03-27,99.12211608886719
2020-03-30,97.54767608642578
2020-03-31,97.20146942138672
2020-04-01,97.7925796508789
2020-04-02,99.28678131103516
2020-04-03,100.16185760498047
2020-04-06,100.09579467773438
2020-04-07,100.02978515625
2020-04-08,99.34457397460938
2020-04-09,100.32695770263672
2020-04-10,100.32695770263672
2020-04-13,100.50858306884766
2020-04-14,100.8057632446289
2020-04-15,100.91310119628906
2020-04-16,100.03802490234375
2020-04-17,99.55919647216797
2020-04-20,99.25373077392578
2020-04-21,99.75731658935547
2020-04-22,100.35997772216797
2020-04-23,100.30218505859375
2020-04-24,100.8718032836914
2020-04-27,100.67369079589844
2020-04-28,101.02039337158203
2020-04-29,100.89659881591797
2020-04-30,100.14533996582031
2020-05-01,100.1436996459961
2020-05-04,100.24300384521484
2020-05-05,100.35881805419922
2020-05-06,99.87059783935547
2020-05-07,100.4995346069336
2020-05-08,100.46644592285156
2020-05-11,100.11885833740234
2020-05-12,100.20989227294922
2020-05-13,100.3009033203125
2020-05-14,100.41681671142578
2020-05-15,100.59058380126953
2020-05-18,100.58231353759766
2020-05-19,100.46644592285156
2020-05-20,100.76435852050781
2020-05-21,100.65675354003906
2020-05-22,100.71470642089844
2020-05-25,100.71470642089844
2020-05-26,100.34229278564453
2020-05-27,100.44161224365234
2020-05-28,100.75606536865234
2020-05-29,100.7974624633789
2020-06-01,100.92161560058594
2020-06-02,100.69815826416016
2020-06-03,100.36713409423828
2020-06-04,99.9864501953125
2020-06-05,99.97817993164062
2020-06-08,100.19335174560547
2020-06-09,100.29263305664062
2020-06-10,101.06227111816406
2020-06-11,101.09540557861328
2020-06-12,100.8222885131836
2020-06-15,100.86368560791016
2020-06-16,100.81404113769531
2020-06-17,100.747802734375
2020-06-18,101.2029800415039
2020-06-19,101.40158081054688
2020-06-22,101.65812683105469
2020-06-23,101.71604919433594
2020-06-24,101.57534790039062
2020-06-25,101.6664047241211
2020-06-26,101.8402099609375
2020-06-29,101.95606231689453
2020-06-30,101.79054260253906
2020-07-01,101.85674285888672
2020-07-02,102.13813018798828
2020-07-03,102.13813018798828
2020-07-06,102.33675384521484
2020-07-07,102.36157989501953
2020-07-08,102.17952728271484
2020-07-09,102.44430541992188
2020-07-10,102.33675384521484
2020-07-13,102.56019592285156
2020-07-14,102.57674407958984
2020-07-15,102.51879119873047
2020-07-16,102.72570037841797
2020-07-17,102.916015625
2020-07-20,103.05673217773438
2020-07-21,103.2884521484375
2020-07-22,103.2884521484375
2020-07-23,103.33808135986328
2020-07-24,103.3132553100586
2020-07-27,103.3132553100586
2020-07-28,103.50360870361328
2020-07-29,103.74359130859375
2020-07-30,103.85120391845703
2020-07-31,104.15737915039062
2020-08-03,104.29802703857422
2020-08-04,104.52979278564453
2020-08-05,104.57941436767578
2020-08-06,104.6952896118164
2020-08-07,104.41392517089844
2020-08-10,104.28976440429688
2020-08-11,104.05805969238281
2020-08-12,104.12427520751953
2020-08-13,103.85946655273438
2020-08-14,103.68566131591797
2020-08-17,103.9090805053711
2020-08-18,104.3725357055664
2020-08-19,104.05805969238281
2020-08-20,103.95877838134766
2020-08-21,104.31462097167969
2020-08-24,104.52151489257812
2020-08-25,104.48839569091797
2020-08-26,104.6952896118164
2020-08-27,104.28152465820312
2020-08-28,104.61253356933594
2020-08-31,105.08425903320312
2020-09-01,105.1421890258789
2020-09-02,105.1835708618164
2020-09-03,104.81942749023438
2020-09-04,104.49666595458984
2020-09-07,104.49666595458984
2020-09-08,104.59597778320312
2020-09-09,104.65390014648438
2020-09-10,104.74496459960938
2020-09-11,104.68702697753906
2020-09-14,104.62080383300781
2020-09-15,104.6952896118164
2020-09-16,104.6952896118164
2020-09-17,104.75323486328125
2020-09-18,104.66219329833984
2020-09-21,104.4718246459961
2020-09-22,104.50496673583984
2020-09-23,104.39736938476562
2020-09-24,104.4718246459961
2020-09-25,104.61253356933594
2020-09-28,104.82771301269531
2020-09-29,105.0014877319336
2020-09-30,104.68702697753906
2020-10-01,104.66793823242188
2020-10-02,104.68452453613281
2020-10-05,104.36900329589844
2020-10-06,104.3856201171875
2020-10-07,104.37731170654297
2020-10-08,104.79246520996094
2020-10-09,104.82566833496094
2020-10-12,104.89212799072266
2020-10-13,104.89212799072266
2020-10-14,104.89212799072266
2020-10-15,104.8589096069336
2020-10-16,104.90042114257812
2020-10-19,104.65129089355469
2020-10-20,104.56001281738281
2020-10-21,104.52676391601562
2020-10-22,104.36900329589844
2020-10-23,104.49356842041016
2020-10-26,104.57659149169922
2020-10-27,104.78416442871094
2020-10-28,104.65129089355469
2020-10-29,104.29427337646484
2020-10-30,103.97879028320312
2020-11-02,104.36003875732422
2020-11-03,104.2767562866211
2020-11-04,104.45158386230469
2020-11-05,104.53483581542969
2020-11-06,104.06035614013672
2020-11-09,103.76068115234375
2020-11-10,103.86054992675781
2020-11-11,104.04370880126953
2020-11-12,104.3350601196289
2020-11-13,104.32671356201172
2020-11-16,104.18518829345703
2020-11-17,104.36003875732422
2020-11-18,104.39331817626953
2020-11-19,104.50154876708984
2020-11-20,104.73458862304688
2020-11-23,104.6513671875
2020-11-24,104.68464660644531
2020-11-25,104.85946655273438
2020-11-26,104.85946655273438
2020-11-27,105.11750030517578
2020-11-30,105.23404693603516
2020-12-01,104.99490356445312
2020-12-02,105.06988525390625
2020-12-03,105.36153411865234
2020-12-04,105.13656616210938
2020-12-07,105.41153717041016
2020-12-08,105.58651733398438
2020-12-09,105.45320892333984
2020-12-10,105.6948471069336
2020-12-11,105.6865463256836
2020-12-14,105.6865463256836
2020-12-15,105.87821197509766
2020-12-16,105.86985778808594
2020-12-17,105.93069458007812
2020-12-18,105.88066864013672
2020-12-21,105.8640365600586
2020-12-22,105.96405029296875
2020-12-23,106.01404571533203
2020-12-24,106.05572509765625
2020-12-25,106.05572509765625
2020-12-28,106.13070678710938
2020-12-29,106.0807113647461
2020-12-30,106.16407775878906
2020-12-31,106.38909149169922
2021-01-01,106.38909149169922
2021-01-04,106.50577545166016
2021-01-05,106.4724349975586
2021-01-06,106.15570831298828
2021-01-07,106.08906555175781
2021-01-08,105.67231750488281
2021-01-11,105.4472885131836
2021-01-12,105.5889892578125
2021-01-13,105.82234191894531
2021-01-14,105.87235260009766
2021-01-15,105.98905181884766
2021-01-18,105.98905181884766
2021-01-19,106.23906707763672
2021-01-20,106.39741516113281
2021-01-21,106.65580749511719
2021-01-22,106.4891128540039
2021-01-25,106.76414489746094
2021-01-26,106.60578918457031
2021-01-27,106.57244873046875
2021-01-28,106.78080749511719
2021-01-29,106.67247009277344
2021-02-01,106.43909454345703
2021-02-02,106.59746551513672
2021-02-03,106.53912353515625
2021-02-04,106.46409606933594
2021-02-05,106.43909454345703
2021-02-08,106.53912353515625
2021-02-09,106.59746551513672
2021-02-10,106.68913269042969
2021-02-11,106.5641098022461
2021-02-12,106.38909149169922
2021-02-15,106.38909149169922
2021-02-16,105.87235260009766
2021-02-17,105.83065795898438
2021-02-18,105.3889389038086
2021-02-19,104.93885803222656
2021-02-22,104.93054962158203
2021-02-23,104.95556640625
2021-02-24,104.87223815917969
2021-02-25,103.58871459960938
2021-02-26,104.87223815917969
2021-03-01,104.5221939086914
2021-03-02,104.94722747802734
2021-03-03,104.68054962158203
2021-03-04,104.28047180175781
2021-03-05,104.38882446289062
2021-03-08,103.8137435913086
2021-03-09,104.46385192871094
2021-03-10,104.93885803222656
2021-03-11,105.03059387207031
2021-03-12,104.2054672241211
2021-03-15,104.51385498046875
2021-03-16,104.73054504394531
2021-03-17,104.63884735107422
2021-03-18,103.8970947265625
2021-03-19,104.09711456298828
2021-03-22,104.5971908569336
2021-03-23,104.81390380859375
2021-03-24,105.08887481689453
2021-03-25,105.0138931274414
2021-03-26,105.03889465332031
2021-03-29,104.75552368164062
2021-03-30,104.57218170166016
2021-03-31,104.5971908569336
2021-04-01,104.89794158935547
2021-04-02,104.89794158935547
2021-04-05,104.59720611572266
2021-04-06,104.65567016601562
2021-04-07,104.7225112915039
2021-04-08,104.95641326904297
2021-04-09,104.7308578491211
2021-04-12,104.7475814819336
2021-04-13,105.13186645507812
2021-04-14,105.13186645507812
2021-04-15,105.699951171875
2021-04-16,105.66657257080078
2021-04-19,105.4827651977539
2021-04-20,105.54959106445312
2021-04-21,105.64982604980469
2021-04-22,105.77515411376953
2021-04-23,105.82528686523438
2021-04-26,105.88375091552734
2021-04-27,105.8753890991211
2021-04-28,106.20958709716797
2021-04-29,106.15946197509766
2021-04-30,106.09259796142578
2021-05-03,106.35684204101562
2021-05-04,106.60013580322266
2021-05-05,107.07829284667969
2021-05-06,106.95247650146484
2021-05-07,107.1789321899414
2021-05-10,107.2292709350586
2021-05-11,106.94406127929688
2021-05-12,106.7594985961914
2021-05-13,106.78467559814453
2021-05-14,107.16215515136719
2021-05-17,107.37186431884766
2021-05-18,107.21247100830078
2021-05-19,106.4826889038086
2021-05-20,106.60848999023438
2021-05-21,106.80143737792969
2021-05-24,107.06147766113281
2021-05-25,107.36347198486328
2021-05-26,107.12019348144531
2021-05-27,107.11182403564453
2021-05-28,107.1789321899414
2021-05-31,107.1789321899414
2021-06-01,107.49180603027344
2021-06-02,107.35686492919922
2021-06-03,106.99423217773438
2021-06-04,107.5086669921875
2021-06-07,107.27252960205078
2021-06-08,107.38216400146484
2021-06-09,107.3906021118164
2021-06-10,107.94721221923828
2021-06-11,107.66889190673828
2021-06-14,107.60987854003906
2021-06-15,107.78697204589844
2021-06-16,106.80872344970703
2021-06-17,107.21350860595703
2021-06-18,107.25566101074219
2021-06-21,107.07012939453125
2021-06-22,107.66049194335938
2021-06-23,107.685791015625
2021-06-24,107.48336029052734
2021-06-25,107.59300231933594
2021-06-28,107.75325012207031
2021-06-29,107.812255859375
2021-06-30,107.95565032958984
2021-07-01,108.06005096435547
2021-07-02,108.51842498779297
2021-07-05,108.51842498779297
2021-07-06,108.7985610961914
2021-07-07,108.72216796875
2021-07-08,108.57783508300781
2021-07-09,108.59485626220703
2021-07-12,108.88343811035156
2021-07-13,108.88343811035156
2021-07-14,109.17206573486328
2021-07-15,109.50312042236328
2021-07-16,109.50312042236328
2021-07-19,109.54553985595703
2021-07-20,109.52855682373047
2021-07-21,109.24845123291016
2021-07-22,109.55403900146484
2021-07-23,110.04637908935547
2021-07-26,110.521728515625
2021-07-27,110.49627685546875
2021-07-28,110.86976623535156
2021-07-29,110.67454528808594
2021-07-30,110.84428405761719
2021-08-02,110.88446044921875
2021-08-03,110.98692321777344
2021-08-04,110.77345275878906
2021-08-05,110.380615234375
2021-08-06,110.13296508789062
2021-08-09,109.93655395507812
2021-08-10,110.03905487060547
2021-08-11,110.21839141845703
2021-08-12,110.13296508789062
2021-08-13,110.41480255126953
2021-08-16,110.52579498291016
2021-08-17,110.22693634033203
2021-08-18,110.24398803710938
2021-08-19,110.28668212890625
2021-08-20,109.94512176513672
2021-08-23,110.20130920410156
2021-08-24,110.20130920410156
2021-08-25,110.15863037109375
2021-08-26,110.17569732666016
2021-08-27,111.0040054321289
2021-08-30,110.98692321777344
2021-08-31,110.66242218017578
2021-09-01,110.71058654785156
2021-09-02,110.75358581542969
2021-09-03,110.59880065917969
2021-09-06,110.59880065917969
2021-09-07,110.32364654541016
2021-09-08,110.77079010009766
2021-09-09,111.3554916381836
2021-09-10,111.04593658447266
2021-09-13,111.04593658447266
2021-09-14,111.10614013671875
2021-09-15,111.16631317138672
2021-09-16,110.98575592041016
2021-09-17,110.66757202148438
2021-09-20,110.77079010009766
2021-09-21,110.69336700439453
2021-09-22,110.58161163330078
2021-09-23,110.18604278564453
2021-09-24,109.91088104248047
2021-09-27,109.96247863769531
2021-09-28,109.72171020507812
2021-09-29,109.78191375732422
2021-09-30,109.79911804199219
2021-10-01,110.2753677368164
2021-10-04,110.26675415039062
2021-10-05,110.37890625
2021-10-06,110.31849670410156
2021-10-07,110.22361755371094
2021-10-08,110.24948120117188
2021-10-11,110.1804428100586
2021-10-12,110.3875503540039
2021-10-13,110.88794708251953
2021-10-14,111.1036605834961
2021-10-15,110.92247009277344
2021-10-18,110.68952178955078
2021-10-19,110.42205810546875
2021-10-20,110.62052917480469
2021-10-21,110.87069702148438
2021-10-22,111.09502410888672
2021-10-25,111.36251831054688
2021-10-26,111.75077819824219
2021-10-27,112.277099609375
2021-10-28,111.3021469116211
2021-10-29,111.01741027832031
2021-11-01,110.57865142822266
2021-11-02,111.01910400390625
2021-11-03,110.8636474609375
2021-11-04,111.59774017333984
2021-11-05,111.98638916015625
2021-11-08,112.35774993896484
2021-11-09,113.01409149169922
2021-11-10,112.66866302490234
2021-11-11,112.65138244628906
2021-11-12,112.63409423828125
2021-11-15,112.65138244628906
2021-11-16,112.4873046875
2021-11-17,112.71180725097656
2021-11-18,112.78092193603516
2021-11-19,112.57363891601562
2021-11-22,111.6668472290039
2021-11-23,111.23503112792969
2021-11-24,111.58045959472656
2021-11-25,111.58045959472656
2021-11-26,112.1331787109375
2021-11-29,111.8741455078125
2021-11-30,111.97774505615234
2021-12-01,111.62835693359375
2021-12-02,111.95697784423828
2021-12-03,112.19051361083984
2021-12-06,111.68023681640625
2021-12-07,111.8618392944336
2021-12-08,111.67156219482422
2021-12-09,111.21320343017578
2021-12-10,111.20455169677734
2021-12-13,111.3169937133789
2021-12-14,110.96240234375
2021-12-15,111.05752563476562
2021-12-16,111.28900909423828
2021-12-17,111.29769897460938
2021-12-20,111.23680114746094
2021-12-21,111.48043060302734
2021-12-22,111.83721923828125
2021-12-23,111.58488464355469
2021-12-24,111.58488464355469
2021-12-27,111.95903015136719
2021-12-28,111.88943481445312
2021-12-29,111.98515319824219
2021-12-30,112.56819152832031
2021-12-31,112.42898559570312
2022-01-03,111.78500366210938
2022-01-04,111.35863494873047
2022-01-05,110.45359802246094
2022-01-06,109.9749984741211
2022-01-07,109.84449005126953
2022-01-10,109.98370361328125
2022-01-11,110.74947357177734
2022-01-12,110.03592681884766
2022-01-13,110.0620346069336
2022-01-14,109.56600189208984
2022-01-17,109.56600189208984
2022-01-18,109.04390716552734
2022-01-19,108.81766510009766
2022-01-20,108.94815826416016
2022-01-21,109.62690734863281
2022-01-24,109.8792724609375
2022-01-25,109.68782806396484
2022-01-26,108.99169921875
2022-01-27,109.43548583984375
2022-01-28,109.8183822631836
2022-01-31,110.11421966552734
2022-02-01,109.39730072021484
2022-02-02,109.51956939697266
2022-02-03,108.8297348022461
2022-02-04,108.20101165771484
2022-02-07,108.15734100341797
2022-02-08,108.01762390136719
2022-02-09,108.22721099853516
2022-02-10,107.36270904541016
2022-02-11,108.32328033447266
2022-02-14,108.03511047363281
2022-02-15,107.58975219726562
2022-02-16,107.79933166503906
2022-02-17,108.0438461303711
2022-02-18,108.40185546875
2022-02-21,108.40185546875
2022-02-22,108.7336654663086
2022-02-23,108.81227111816406
2022-02-24,109.25759887695312
2022-02-25,109.16156768798828
2022-02-28,111.05644989013672
2022-03-01,111.85162353515625
2022-03-02,111.12553405761719
2022-03-03,110.99433135986328
2022-03-04,111.8428955078125
2022-03-07,112.44647979736328
2022-03-08,112.9888916015625
2022-03-09,111.86913299560547
2022-03-10,111.62419128417969
2022-03-11,112.41153717041016
2022-03-14,111.1692886352539
2022-03-15,110.33824157714844
2022-03-16,109.69963073730469
2022-03-17,111.19556427001953
2022-03-18,110.85436248779297
2022-03-21,109.87458801269531
2022-03-22,109.3672103881836
2022-03-23,110.74063873291016
2022-03-24,110.05830383300781
2022-03-25,109.30596160888672
2022-03-28,109.1834945678711
2022-03-29,108.78984832763672
2022-03-30,109.32349395751953
2022-03-31,108.97355651855469
2022-04-01,108.37310028076172
2022-04-04,108.29385375976562
2022-04-05,107.51026153564453
2022-04-06,107.03482818603516
2022-04-07,106.89397430419922
2022-04-08,107.087646484375
2022-04-11,106.90276336669922
2022-04-12,106.89397430419922
2022-04-13,106.69144439697266
2022-04-14,106.68265533447266
2022-04-15,106.68265533447266
2022-04-18,106.64743041992188
2022-04-19,106.11917114257812
2022-04-20,106.90276336669922
2022-04-21,107.32540130615234
2022-04-22,106.90276336669922
2022-04-25,106.8235092163086
2022-04-26,107.05242919921875
2022-04-27,106.8763656616211
2022-04-28,107.48385620117188
2022-04-29,106.59461212158203
2022-05-02,105.04891204833984
2022-05-03,105.43045043945312
2022-05-04,106.2556381225586
2022-05-05,105.13763427734375
2022-05-06,104.86255645751953
2022-05-09,104.45440673828125
2022-05-10,103.98411560058594
2022-05-11,105.244140625
2022-05-12,104.79159545898438
2022-05-13,105.33284759521484
2022-05-16,105.36832427978516
2022-05-17,104.83595275878906
2022-05-18,105.56356048583984
2022-05-19,105.19086456298828
2022-05-20,105.23524475097656
2022-05-23,104.86255645751953
2022-05-24,105.43045043945312
2022-05-25,105.51918029785156
2022-05-26,105.95397186279297
2022-05-27,106.29115295410156
2022-05-30,106.29115295410156
2022-05-31,105.53693389892578
2022-06-01,105.10334777832031
2022-06-02,105.5881118774414
2022-06-03,106.19847869873047
2022-06-06,105.50730895996094
2022-06-07,105.75865173339844
2022-06-08,105.49834442138672
2022-06-09,105.48037719726562
2022-06-10,105.01361846923828
2022-06-13,103.24529266357422
2022-06-14,101.8270492553711
2022-06-15,103.23631286621094
2022-06-16,102.93113708496094
2022-06-17,102.98497772216797
2022-06-20,102.98497772216797
2022-06-21,102.62590789794922
2022-06-22,103.21835327148438
2022-06-23,103.52355194091797
2022-06-24,103.62229919433594
2022-06-27,102.87727355957031
2022-06-28,102.51818084716797
2022-06-29,102.33866882324219
2022-06-30,102.24893188476562
2022-07-01,103.895263671875
2022-07-04,103.895263671875
2022-07-05,103.60658264160156
2022-07-06,102.66838836669922
2022-07-07,102.50601196289062
2022-07-08,102.39776611328125
2022-07-11,102.56015014648438
2022-07-12,102.52403259277344
2022-07-13,103.05632019042969
2022-07-14,102.8037109375
2022-07-15,103.39910125732422
2022-07-18,103.26377868652344
2022-07-19,103.15554809570312
2022-07-20,103.06532287597656
2022-07-21,103.7058334350586
2022-07-22,104.58086395263672
2022-07-25,104.38239288330078
2022-07-26,104.38239288330078
2022-07-27,105.04994201660156
2022-07-28,106.12345123291016
2022-07-29,106.65569305419922
2022-08-01,106.70486450195312
2022-08-02,105.44771575927734
2022-08-03,106.00342559814453
2022-08-04,105.98519134521484
2022-08-05,104.91932678222656
2022-08-08,105.63904571533203
2022-08-09,105.33837127685547
2022-08-10,105.15619659423828
2022-08-11,104.80093383789062
2022-08-12,105.21086883544922
2022-08-15,105.10154724121094
2022-08-16,105.12886810302734
2022-08-17,104.8100357055664
2022-08-18,105.34749603271484
2022-08-19,105.1653060913086
2022-08-22,104.96488189697266
2022-08-23,105.13797760009766
2022-08-24,105.11978149414062
2022-08-25,105.44771575927734
2022-08-26,105.29283142089844
2022-08-29,104.88288116455078
2022-08-30,104.70069885253906
2022-08-31,103.77147674560547
2022-09-01,102.98540496826172
2022-09-02,103.5943374633789
2022-09-05,103.5943374633789
2022-09-06,102.60710906982422
2022-09-07,103.0315170288086
2022-09-08,102.4594955444336
2022-09-09,102.50559997558594
2022-09-12,102.20114135742188
2022-09-13,101.89668273925781
2022-09-14,102.15501403808594
2022-09-15,101.6383285522461
2022-09-16,101.21392822265625
2022-09-19,100.75260162353516
2022-09-20,100.59574890136719
2022-09-21,100.78949737548828
2022-09-22,99.64541625976562
2022-09-23,99.22101593017578
2022-09-26,97.63407897949219
2022-09-27,97.11737060546875
2022-09-28,98.83349609375
2022-09-29,97.44953155517578
2022-09-30,96.78523254394531
2022-10-03,98.03079223632812
2022-10-04,98.4183120727539
2022-10-05,97.64330291748047
2022-10-06,97.32038116455078
2022-10-07,97.34806823730469
2022-10-10,96.79447937011719
2022-10-11,97.34806823730469
2022-10-12,97.54178619384766
2022-10-13,97.43108367919922
2022-10-14,97.51412963867188
2022-10-17,97.78169250488281
2022-10-18,97.52336883544922
2022-10-19,97.02511596679688
2022-10-20,96.932861328125
2022-10-21,97.18195343017578
2022-10-24,97.4126205444336
2022-10-25,97.80937194824219
2022-10-26,97.6617431640625
2022-10-27,98.4183120727539
2022-10-28,98.29837799072266
2022-10-31,98.15996551513672
2022-11-01,98.14151000976562
2022-11-02,97.9200668334961
2022-11-03,96.83135223388672
2022-11-04,97.19120025634766
2022-11-07,97.31114959716797
2022-11-08,97.44953155517578
2022-11-09,97.24657440185547
2022-11-10,98.8611831665039
2022-11-11,98.80582427978516
2022-11-14,98.0769271850586
2022-11-15,98.71353912353516
2022-11-16,98.96268463134766
2022-11-17,98.28914642333984
2022-11-18,97.7908935546875
2022-11-21,98.30758666992188
2022-11-22,98.70433807373047
2022-11-23,99.24868774414062
2022-11-24,99.24868774414062
2022-11-25,99.15643310546875
2022-11-28,98.92575073242188
2022-11-29,98.50133514404297
2022-11-30,99.95911407470703
2022-12-01,101.03162384033203
2022-12-02,101.77983856201172
2022-12-05,100.73600769042969
2022-12-06,100.71752166748047
2022-12-07,101.15168762207031
2022-12-08,101.12398529052734
2022-12-09,100.16326141357422
2022-12-12,100.17249298095703
2022-12-13,100.4681167602539
2022-12-14,100.21870422363281
2022-12-15,100.23631286621094
2022-12-16,99.69879913330078
2022-12-19,99.35588836669922
2022-12-20,99.32807922363281
2022-12-21,99.86561584472656
2022-12-22,99.31881713867188
2022-12-23,99.09642791748047
2022-12-26,99.09642791748047
2022-12-27,98.64230346679688
2022-12-28,98.5311050415039
2022-12-29,98.93885803222656
2022-12-30,98.64230346679688
2023-01-02,98.64230346679688
2023-01-03,98.99446868896484
2023-01-04,99.05935668945312
2023-01-05,99.0871353149414
2023-01-06,99.99535369873047
2023-01-09,100.2270278930664
2023-01-10,99.81926727294922
2023-01-11,100.24557495117188
2023-01-12,101.03328704833984
2023-01-13,100.24557495117188
2023-01-16,100.24557495117188
2023-01-17,99.95828247070312
2023-01-18,100.64407348632812
2023-01-19,101.26497650146484
2023-01-20,100.69039916992188
2023-01-23,100.59773254394531
2023-01-24,101.17233276367188
2023-01-25,101.37618255615234
2023-01-26,101.36691284179688
2023-01-27,101.14451599121094
2023-01-30,100.65332794189453
2023-01-31,100.69039916992188
2023-02-01,101.36691284179688
2023-02-02,101.22791290283203
2023-02-03,100.28263854980469
2023-02-06,99.88414001464844
2023-02-07,100.14361572265625
2023-02-08,100.66259765625
2023-02-09,100.15288543701172
2023-02-10,99.79146575927734
2023-02-13,99.95828247070312
2023-02-14,99.62464141845703
2023-02-15,99.62464141845703
2023-02-16,99.38370513916016
2023-02-17,99.57833862304688
2023-02-20,99.57833862304688
2023-02-21,99.13349914550781
2023-02-22,99.07787322998047
2023-02-23,99.40223693847656
2023-02-24,98.75350189208984
2023-02-27,98.95740509033203
2023-02-28,99.32807922363281
2023-03-01,98.95740509033203
2023-03-02,99.03152465820312
2023-03-03,100.0972900390625
2023-03-06,99.5597915649414
2023-03-07,98.92957305908203
2023-03-08,98.45696258544922
2023-03-09,98.71643829345703
2023-03-10,100.17142486572266
2023-03-13,100.93138122558594
2023-03-14,100.37529754638672
2023-03-15,101.59860229492188
2023-03-16,100.44944763183594
2023-03-17,100.66259765625
2023-03-20,100.75527954101562
2023-03-21,100.54212951660156
2023-03-22,101.92298126220703
2023-03-23,102.10831451416016
2023-03-24,101.84883117675781
2023-03-27,101.05182647705078
2023-03-28,101.36691284179688
2023-03-29,101.56153106689453
2023-03-30,101.66348266601562
2023-03-31,102.1731948852539
2023-04-03,102.35597229003906
2023-04-04,102.65287780761719
2023-04-05,102.89410400390625
2023-04-06,103.12605285644531
2023-04-07,103.12605285644531
2023-04-10,102.3930892944336
2023-04-11,102.5693588256836
2023-04-12,102.60649108886719
2023-04-13,102.35597229003906
2023-04-14,101.91061401367188
2023-04-17,101.44670867919922
2023-04-18,101.54878997802734
2023-04-19,101.44670867919922
2023-04-20,101.77145385742188
2023-04-21,101.81783294677734
2023-04-24,102.20752716064453
2023-04-25,102.81059265136719
2023-04-26,102.4487533569336
2023-04-27,102.10546112060547
2023-04-28,102.22606658935547
2023-05-01,101.37645721435547
2023-05-02,102.1505355834961
2023-05-03,102.61683654785156
2023-05-04,102.58887481689453
2023-05-05,102.38371276855469
2023-05-08,102.00131225585938
2023-05-09,101.85209655761719
2023-05-10,102.1878433227539
2023-05-11,102.41168212890625
2023-05-12,102.04793548583984
2023-05-15,101.89873504638672
2023-05-16,101.6282730102539
2023-05-17,101.58162689208984
2023-05-18,101.2458724975586
2023-05-19,101.00341033935547
2023-05-22,100.81688690185547
2023-05-23,101.1246337890625
2023-05-24,100.80755615234375
2023-05-25,100.3505630493164
2023-05-26,100.47181701660156
2023-05-29,100.47181701660156
2023-05-30,100.87283325195312
2023-05-31,101.00341033935547
2023-06-01,101.16522216796875
2023-06-02,100.66947937011719
2023-06-05,100.8004379272461
2023-06-06,100.85655212402344
2023-06-07,100.38888549804688
2023-06-08,100.88461303710938
2023-06-09,100.60401153564453
2023-06-12,100.6882095336914
2023-06-13,100.17375946044922
2023-06-14,100.42630767822266
2023-06-15,101.06232452392578
2023-06-16,100.8004379272461
2023-06-19,100.8004379272461
2023-06-20,101.01557159423828
2023-06-21,101.02493286132812
2023-06-22,100.66947937011719
2023-06-23,100.91267395019531
2023-06-26,100.9594497680664
2023-06-27,100.6788330078125
2023-06-28,100.88461303710938
2023-06-29,100.22054290771484
2023-06-30,100.66014862060547
2023-07-03,100.5417251586914
2023-07-04,100.5417251586914
2023-07-05,100.06246948242188
2023-07-06,99.5362319946289
2023-07-07,99.47044372558594
2023-07-10,99.70537567138672
2023-07-11,99.59262084960938
2023-07-12,100.69210052490234
2023-07-13,101.20892333984375
2023-07-14,100.67328643798828
2023-07-17,100.8612289428711
2023-07-18,100.81424713134766
2023-07-19,101.16195678710938
2023-07-20,101.12435913085938
2023-07-21,101.12435913085938
2023-07-24,101.17134857177734
2023-07-25,100.99279022216797
2023-07-26,101.03040313720703
2023-07-27,100.28800964355469
2023-07-28,100.67328643798828
2023-07-31,100.70149993896484
2023-08-01,100.0997543334961
2023-08-02,99.92082977294922
2023-08-03,99.29934692382812
2023-08-04,100.25983428955078
2023-08-07,100.34457397460938
2023-08-08,100.32575225830078
2023-08-09,100.27867889404297
2023-08-10,99.76075744628906
2023-08-11,99.6195068359375
2023-08-14,99.41233825683594
2023-08-15,99.10157012939453
2023-08-16,98.8096694946289
2023-08-17,98.78141784667969
2023-08-18,98.95089721679688
2023-08-21,98.68724060058594
2023-08-22,98.85674285888672
2023-08-23,99.75133514404297
2023-08-24,99.29934692382812
2023-08-25,99.28050231933594
2023-08-28,99.33698272705078
2023-08-29,99.8266830444336
2023-08-30,99.6760025024414
2023-08-31,99.88317108154297
2023-09-01,99.36650085449219
2023-09-04,99.36650085449219
2023-09-05,99.16814422607422
2023-09-06,99.01700592041016
2023-09-07,99.37596130371094
2023-09-08,99.60264587402344
2023-09-11,99.50818634033203
2023-09-12,99.5553970336914
2023-09-13,99.6876449584961
2023-09-14,99.527099609375
2023-09-15,99.28148651123047
2023-09-18,99.48929595947266
2023-09-19,99.20594024658203
2023-09-20,98.99813842773438
2023-09-21,98.47862243652344
2023-09-22,98.81865692138672
2023-09-25,98.07247924804688
2023-09-26,97.8268814086914
2023-09-27,97.66632080078125
2023-09-28,98.16693878173828
2023-09-29,97.96855926513672
2023-10-02,97.37345123291016
2023-10-03,96.68280792236328
2023-10-04,97.10855102539062
2023-10-05,96.9666519165039
2023-10-06,96.61658477783203
2023-10-09,97.57213592529297
2023-10-10,97.61000061035156
2023-10-11,98.04520416259766
2023-10-12,97.42076873779297
2023-10-13,98.0546646118164
2023-10-16,97.77082061767578
2023-10-17,97.29776763916016
2023-10-18,97.08963775634766
2023-10-19,97.00448608398438
2023-10-20,97.29776763916016
2023-10-23,97.31670379638672
2023-10-24,97.40184783935547
2023-10-25,96.99503326416016
2023-10-26,97.515380859375
2023-10-27,97.65731048583984
2023-10-30,97.50591278076172
2023-10-31,97.25994873046875
2023-11-01,98.10757446289062
2023-11-02,98.55422973632812
2023-11-03,99.05787658691406
2023-11-06,98.8012924194336
2023-11-07,99.0673828125
2023-11-08,99.28596496582031
2023-11-09,98.44969177246094
2023-11-10,98.48770141601562
2023-11-13,98.42119598388672
2023-11-14,99.22889709472656
2023-11-15,98.8012924194336
2023-11-16,99.16239929199219
2023-11-17,99.26692962646484
2023-11-20,99.56151580810547
2023-11-21,99.35247039794922
2023-11-22,99.44750213623047
2023-11-23,99.44750213623047
2023-11-24,99.02936553955078
2023-11-27,99.35247039794922
2023-11-28,99.74208068847656
2023-11-29,100.14119720458984
2023-11-30,99.96066284179688
2023-12-01,100.47126007080078
2023-12-04,100.05210876464844
2023-12-05,100.5950927734375
2023-12-06,100.69986724853516
2023-12-07,100.61415100097656
2023-12-08,100.49028778076172
2023-12-11,100.28074645996094
2023-12-12,100.22357940673828
2023-12-13,101.58578491210938
2023-12-14,102.70034790039062
2023-12-15,102.52886962890625
2023-12-18,102.22404479980469
2023-12-19,102.29071807861328
2023-12-20,102.70034790039062
2023-12-21,102.52886962890625
2023-12-22,102.32882690429688
2023-12-25,102.32882690429688
2023-12-26,102.38599395751953
2023-12-27,102.85275268554688
2023-12-28,102.51936340332031
2023-12-29,102.39551544189453
2024-01-01,102.39551544189453
2024-01-02,102.25261688232422
2024-01-03,102.41456604003906
2024-01-04,101.93826293945312
2024-01-05,101.70962524414062
2024-01-08,101.98590087890625
2024-01-09,101.78584289550781
2024-01-10,101.70010375976562
2024-01-11,102.24308776855469
2024-01-12,102.68128204345703
2024-01-15,102.68128204345703
2024-01-16,102.15735626220703
2024-01-17,101.8429946899414
2024-01-18,101.87158203125
2024-01-19,101.94778442382812
2024-01-22,101.99542999267578
2024-01-23,101.6620101928711
2024-01-24,101.4238510131836
2024-01-25,101.76678466796875
2024-01-26,101.67151641845703
2024-01-29,102.11925506591797
2024-01-30,102.0716323852539
2024-01-31,102.73845672607422
2024-02-01,102.91944122314453
2024-02-02,101.9287338256836
2024-02-05,101.35717010498047
2024-02-06,101.70010375976562
2024-02-07,101.50957489013672
2024-02-08,101.43338012695312
2024-02-09,101.29049682617188
2024-02-12,101.32858276367188
2024-02-13,100.68082427978516
2024-02-14,101.10948181152344
2024-02-15,101.23333740234375
2024-02-16,101.1285629272461
2024-02-19,101.1285629272461
2024-02-20,101.17617797851562
2024-02-21,101.0618667602539
2024-02-22,100.9284896850586
2024-02-23,101.18571472167969
2024-02-26,101.14759826660156
2024-02-27,101.02376556396484
2024-02-28,101.34764862060547
2024-02-29,101.6620101928711
2024-03-01,102.04305267333984
2024-03-04,101.95732116699219
2024-03-05,102.424072265625
2024-03-06,102.46220397949219
2024-03-07,102.40503692626953
2024-03-08,102.49075317382812
2024-03-11,102.30978393554688
2024-03-12,102.10972595214844
2024-03-13,101.96684265136719
2024-03-14,101.34764862060547
2024-03-15,101.28094482421875
2024-03-18,101.18571472167969
2024-03-19,101.32858276367188
2024-03-20,101.72867584228516
2024-03-21,101.90969848632812
2024-03-22,102.26214599609375
2024-03-25,101.93826293945312
2024-03-26,101.96684265136719
2024-03-27,102.28119659423828
2024-03-28,102.31930541992188
2024-03-29,102.31930541992188
2024-04-01,101.6568374633789
2024-04-02,101.68544006347656
2024-04-03,101.68544006347656
2024-04-04,102.06671905517578
2024-04-05,101.63777923583984
2024-04-08,101.59964752197266
2024-04-09,101.86654663085938
2024-04-10,100.88475799560547
2024-04-11,100.79898071289062
2024-04-12,101.15164947509766
2024-04-15,100.82756805419922
2024-04-16,100.41771697998047
2024-04-17,100.80851745605469
2024-04-18,100.67507934570312
2024-04-19,100.82756805419922
2024-04-22,100.83711242675781
2024-04-23,100.93243408203125
2024-04-24,100.72271728515625
2024-04-25,100.57019805908203
2024-04-26,100.82756805419922
2024-04-29,101.07540130615234
2024-04-30,100.58928680419922
2024-05-01,100.75527954101562
2024-05-02,101.11988067626953
2024-05-03,101.63800048828125
2024-05-06,101.68598175048828
2024-05-07,101.6667709350586
2024-05-08,101.55162811279297
2024-05-09,101.91625213623047
2024-05-10,101.75314331054688
2024-05-13,101.79151153564453
2024-05-14,101.98341369628906
2024-05-15,102.50151824951172
2024-05-16,102.35760498046875
2024-05-17,102.26165771484375
2024-05-20,102.22328186035156
2024-05-21,102.41516876220703
2024-05-22,102.39599609375
2024-05-23,102.00259399414062
2024-05-24,102.12734985351562
2024-05-27,102.12734985351562
2024-05-28,101.8202896118164
2024-05-29,101.5804214477539
2024-05-30,101.97381591796875
2024-05-31,102.3768081665039
2024-06-03,102.80863189697266
2024-06-04,103.1274185180664
2024-06-05,103.38824462890625
2024-06-06,103.30132293701172
2024-06-07,102.45118713378906
2024-06-10,102.30628204345703
2024-06-11,102.58643341064453
2024-06-12,102.74100494384766
2024-06-13,103.14674377441406
2024-06-14,103.2723388671875
2024-06-17,103.1274185180664
2024-06-18,103.5428237915039
2024-06-19,103.5428237915039
2024-06-20,103.56216430664062
2024-06-21,103.40760040283203
2024-06-24,103.46553802490234
2024-06-25,103.59114074707031
2024-06-26,103.28199005126953
2024-06-27,103.47520446777344
2024-06-28,103.15642547607422
2024-07-01,102.74608612060547
2024-07-02,102.9400863647461
2024-07-03,103.3475112915039
2024-07-04,103.3475112915039
2024-07-05,103.8131103515625
2024-07-08,103.77432250976562
2024-07-09,103.61911010742188
2024-07-10,103.8131103515625
2024-07-11,104.12353515625
2024-07-12,104.28843688964844
2024-07-15,104.22053527832031
2024-07-16,104.54066467285156
2024-07-17,104.5794448852539
2024-07-18,104.34664916992188
2024-07-19,104.09442138671875
2024-07-22,103.96832275390625
2024-07-23,103.91014099121094
2024-07-24,103.59971618652344
2024-07-25,103.85192108154297
2024-07-26,104.1817398071289
2024-07-29,104.28843688964844
2024-07-30,104.36603546142578
2024-07-31,104.93836212158203
2024-08-01,105.0772933959961
2024-08-02,105.58251953125
2024-08-05,105.88372802734375
2024-08-06,105.2716064453125
2024-08-07,104.95099639892578
2024-08-08,104.85384368896484
2024-08-09,105.12586975097656
2024-08-12,105.40763854980469
2024-08-13,105.63111877441406
2024-08-14,105.57281494140625
2024-08-15,105.34933471679688
2024-08-16,105.31048583984375
2024-08-19,105.37849426269531
2024-08-20,105.79627990722656
2024-08-21,106.02944946289062
2024-08-22,105.69911193847656
2024-08-23,106.26264953613281
2024-08-26,106.27234649658203
2024-08-27,106.27234649658203
2024-08-28,106.26264953613281
2024-08-29,106.11690521240234
2024-08-30,105.77684020996094
2024-09-02,105.77684020996094
2024-09-03,105.99066162109375
2024-09-04,106.27249908447266
2024-09-05,106.34050750732422
2024-09-06,106.4085464477539
2024-09-09,106.6515121459961
2024-09-10,106.88475036621094
2024-09-11,106.95278930664062
2024-09-12,106.97222137451172
2024-09-13,107.33182525634766
2024-09-16,107.70111846923828
2024-09-17,107.66224670410156
2024-09-18,107.2637710571289
2024-09-19,107.58448791503906
2024-09-20,107.438720703125
2024-09-23,107.44842529296875
2024-09-24,107.71082305908203
2024-09-25,107.30265808105469
2024-09-26,107.16658782958984
2024-09-27,107.42900085449219
2024-09-30,107.3609619140625
2024-10-01,107.71317291259766
2024-10-02,107.61588287353516
2024-10-03,107.15860748291016
2024-10-04,106.42890930175781
2024-10-07,106.31214141845703
2024-10-08,106.4872817993164
2024-10-09,106.29268646240234
2024-10-10,106.5067367553711
2024-10-11,106.5164566040039
2024-10-14,106.40943145751953
2024-10-15,106.52617645263672
2024-10-16,106.545654296875
2024-10-17,106.22457885742188
2024-10-18,106.39971923828125
2024-10-21,105.63108825683594
2024-10-22,105.77703857421875
2024-10-23,105.51435089111328
2024-10-24,105.62136840820312
2024-10-25,105.33920288085938
2024-10-28,105.13489532470703
2024-10-29,105.29058074951172
2024-10-30,105.49488830566406
2024-10-31,105.37812042236328
2024-11-01,104.92925262451172
2024-11-04,105.1045150756836
2024-11-05,105.20188903808594
2024-11-06,105.0363540649414
2024-11-07,105.42583465576172
2024-11-08,105.71796417236328
2024-11-11,105.36742401123047
2024-11-12,104.81239318847656
2024-11-13,104.61764526367188
2024-11-14,104.59817504882812
2024-11-15,104.62738800048828
2024-11-18,104.88055419921875
2024-11-19,105.04609680175781
2024-11-20,104.9974136352539
2024-11-21,104.86107635498047
2024-11-22,104.93898010253906
2024-11-25,105.51348114013672
2024-11-26,105.27005767822266
2024-11-27,105.60111999511719
2024-11-28,105.60111999511719
2024-11-29,105.90296936035156
2024-12-02,105.84445190429688
2024-12-03,105.8932113647461
2024-12-04,106.19560241699219
2024-12-05,106.06879425048828
2024-12-06,106.15658569335938
2024-12-09,105.96149444580078
2024-12-10,105.9224624633789
2024-12-11,105.76641845703125
2024-12-12,105.42500305175781
2024-12-13,105.13237762451172
2024-12-16,105.01533508300781
2024-12-17,104.95680236816406
2024-12-18,104.29252624511719
2024-12-19,103.87245178222656
2024-12-20,104.0776138305664
2024-12-23,103.94084930419922
2024-12-24,104.17529296875
2024-12-25,104.17529296875
2024-12-26,104.17529296875
2024-12-27,103.91152954101562
2024-12-30,104.21435546875
2024-12-31,104.0873794555664
2025-01-01,104.0873794555664
2025-01-02,104.2436752319336
2025-01-03,104.02876281738281
2025-01-06,104.02876281738281
2025-01-07,103.86270141601562
2025-01-08,104.1362075805664
2025-01-09,104.1362075805664
2025-01-10,103.76499938964844
2025-01-13,103.76499938964844
2025-01-14,103.80408477783203
2025-01-15,104.52696228027344
2025-01-16,104.66372680664062
2025-01-17,104.70281219482422
2025-01-20,104.70281219482422
2025-01-21,104.78096008300781
2025-01-22,104.66372680664062
2025-01-23,104.76142883300781
2025-01-24,104.94703674316406
2025-01-27,105.38663482666016
2025-01-28,105.45501708984375
2025-01-29,105.3280258178711
2025-01-30,105.43547058105469
2025-01-31,105.51362609863281
2025-02-03,105.75785827636719
2025-02-04,105.9336929321289
2025-02-05,106.40260314941406
2025-02-06,106.21699523925781
2025-02-07,105.9336929321289
2025-02-10,105.98252868652344
2025-02-11,105.95323181152344
2025-02-12,105.31824493408203
2025-02-13,105.9043960571289
2025-02-14,106.09976959228516
2025-02-17,106.09976959228516
2025-02-18,105.75785827636719
2025-02-19,105.97277069091797
2025-02-20,106.18768310546875
2025-02-21,106.40260314941406
2025-02-24,106.6370620727539
2025-02-25,107.08642578125
2025-02-26,107.1743392944336
2025-02-27,107.0473403930664
2025-02-28,107.78976440429688
2025-03-03,108.08285522460938
2025-03-04,107.70185089111328
2025-03-05,107.15480041503906
2025-03-06,107.10594940185547
2025-03-07,106.93011474609375
2025-03-10,107.40877532958984
2025-03-11,107.11573028564453
2025-03-12,106.98872375488281
2025-03-13,107.14502716064453
2025-03-14,106.89103698730469
2025-03-17,106.92034912109375
2025-03-18,107.03758239746094
2025-03-19,107.58462524414062
2025-03-20,107.68232727050781
2025-03-21,107.55532836914062
2025-03-24,107.28179931640625
2025-03-25,107.4576416015625
2025-03-26,107.32087707519531
2025-03-27,107.54556274414062
2025-03-28,108.09261322021484
2025-03-31,108.52243041992188
2025-04-01,108.59027862548828
2025-04-02,108.42314910888672
2025-04-03,109.10152435302734
2025-04-04,108.73774719238281
2025-04-07,107.4301528930664
2025-04-08,107.16470336914062
2025-04-09,107.39083099365234
2025-04-10,106.11270904541016
2025-04-11,106.15204620361328
2025-04-14,106.66327667236328
2025-04-15,106.65345764160156
2025-04-16,106.94840240478516
2025-04-17,107.19418334960938
2025-04-18,107.19418334960938
2025-04-21,106.64361572265625
2025-04-22,107.0368881225586
2025-04-23,107.35150146484375
2025-04-24,107.9217300415039
2025-04-25,107.97089385986328
2025-04-28,108.34449768066406
2025-04-29,108.53129577636719
2025-04-30,108.65909576416016
2025-05-01,108.28862762451172
2025-05-02,107.72549438476562
2025-05-05,107.6168212890625
2025-05-06,107.94284057617188
2025-05-07,108.05152130126953
2025-05-08,107.66621398925781
2025-05-09,107.7650146484375
2025-05-12,106.92526245117188
2025-05-13,107.18212127685547
2025-05-14,107.07344818115234
2025-05-15,107.37971496582031
2025-05-16,107.56742095947266
2025-05-19,107.57730102539062
2025-05-20,107.41923522949219
2025-05-21,106.83634185791016
2025-05-22,107.1524887084961
2025-05-23,107.25127410888672
2025-05-26,107.25127410888672
2025-05-27,107.55754852294922
2025-05-28,107.31055450439453
2025-05-29,107.6168212890625
2025-05-30,107.97248840332031
2025-06-02,107.60900115966797
2025-06-03,107.50995635986328
2025-06-04,107.9259262084961
2025-06-05,107.60900115966797
2025-06-06,107.03455352783203
2025-06-09,107.18311309814453
2025-06-10,107.23262786865234
2025-06-11,107.4109115600586
2025-06-12,107.71793365478516
2025-06-13,107.5594711303711
2025-06-16,107.4109115600586
2025-06-17,107.97544860839844
2025-06-18,108.05467224121094
2025-06-19,108.05467224121094
2025-06-20,108.24286651611328
2025-06-23,108.33199310302734
2025-06-24,108.47064971923828
2025-06-25,108.53007507324219
2025-06-26,108.8470230102539
2025-06-27,108.70836639404297
2025-06-30,108.98567962646484
2025-07-01,108.92604064941406
2025-07-02,108.87635803222656
2025-07-03,108.6875228881836
2025-07-04,108.6875228881836
2025-07-07,108.54838562011719
2025-07-08,108.45893859863281
2025-07-09,108.86641693115234
2025-07-10,108.83660125732422
2025-07-11,108.65770721435547
2025-07-14,108.72727966308594
2025-07-15,108.43905639648438
2025-07-16,108.8067855834961
2025-07-17,108.90616607666016
2025-07-18,109.02542877197266
2025-07-21,109.30371856689453
2025-07-22,109.40309143066406
2025-07-23,108.97573852539062
2025-07-24,109.05525207519531
2025-07-25,109.15463256835938
2025-07-28,109.01549530029297
2025-07-29,109.60186004638672
2025-07-30,109.17451477050781
2025-07-31,108.99561309814453
2025-08-01,109.75674438476562
2025-08-04,110.07554626464844
2025-08-05,109.97592163085938
2025-08-06,109.88626098632812
2025-08-07,110.00580596923828
2025-08-08,109.93607330322266
2025-08-11,109.93607330322266
2025-08-12,109.74678802490234
2025-08-13,110.16521453857422
2025-08-14,109.8364486694336
2025-08-15,109.62723541259766
2025-08-18,109.50768280029297
2025-08-19,109.61727142333984
2025-08-20,109.73682403564453
2025-08-21,109.75674438476562
2025-08-22,110.5039291381836
2025-08-25,110.29472351074219
2025-08-26,110.55374908447266
2025-08-27,110.80281066894531
2025-08-28,110.87255096435547
2025-08-29,110.75299835205078
2025-09-01,110.75299835205078
2025-09-02,110.55000305175781
2025-09-03,110.80000305175781
2025-09-04,110.97000122070312
2025-09-05,111.45999908447266
2025-09-08,111.69000244140625
2025-09-09,111.47000122070312
2025-09-10,111.63999938964844
2025-09-11,111.81999969482422
2025-09-12,111.66999816894531
2025-09-15,111.77999877929688
2025-09-16,111.87999725341797
2025-09-17,111.80999755859375
2025-09-18,111.5
2025-09-19,111.44000244140625
2025-09-22,111.34230041503906
